{"stats":{"minecraft:mined":{"minecraft:grass_block":11,"minecraft:dirt":4},"minecraft:killed_by":{"minecraft:skeleton":1,"kimetsunoyaiba:demon":1},"minecraft:custom":{"minecraft:time_since_rest":229,"minecraft:crouch_one_cm":2132,"minecraft:play_one_minute":6805,"minecraft:sprint_one_cm":3107,"minecraft:deaths":2,"minecraft:damage_taken":462,"minecraft:walk_one_cm":9930,"minecraft:sneak_time":1526,"minecraft:mob_kills":1,"minecraft:jump":64,"minecraft:damage_dealt":44,"minecraft:leave_game":2,"minecraft:time_since_death":151,"minecraft:walk_on_water_one_cm":1064,"minecraft:damage_resisted":47,"minecraft:interact_with_crafting_table":1,"minecraft:fall_one_cm":5924,"minecraft:fly_one_cm":5294},"minecraft:used":{"kimetsunoyaiba:nichirinsword_thunder":15},"minecraft:killed":{"minecraft:skeleton":1},"minecraft:picked_up":{"minecraft:arrow":1,"minecraft:dirt":15}},"DataVersion":2586}