{"stats":{"minecraft:dropped":{"minecraft:wheat_seeds":18,"minecraft:golden_carrot":1,"minecraft:oak_log":2,"minecraft:oak_sapling":1,"minecraft:dandelion":1},"minecraft:used":{"minecraft:grass_block":38,"minecraft:stone_pickaxe":1,"minecraft:oak_planks":16,"minecraft:wooden_pickaxe":14,"minecraft:stone_axe":12,"minecraft:golden_sword":18,"minecraft:dirt":5,"minecraft:golden_carrot":4,"minecraft:crafting_table":1,"minecraft:furnace":1,"minecraft:cooked_beef":2},"minecraft:mined":{"minecraft:furnace":1,"minecraft:dandelion":1,"minecraft:grass":58,"minecraft:grass_block":5,"minecraft:oak_log":21,"minecraft:dirt":11,"minecraft:tall_grass":22,"minecraft:stone":14,"minecraft:oak_planks":1,"minecraft:sugar_cane":8,"minecraft:oak_leaves":3},"minecraft:killed":{"minecraft:sheep":4,"minecraft:cow":7},"minecraft:custom":{"minecraft:time_since_rest":49429,"minecraft:interact_with_furnace":16,"minecraft:sprint_one_cm":100014,"minecraft:damage_taken":780,"minecraft:walk_one_cm":68844,"minecraft:mob_kills":11,"minecraft:drop":15,"minecraft:damage_dealt":1070,"minecraft:swim_one_cm":6786,"minecraft:interact_with_crafting_table":5,"minecraft:fly_one_cm":523466,"minecraft:open_chest":1,"minecraft:crouch_one_cm":2850,"minecraft:play_time":52938,"minecraft:deaths":2,"minecraft:sneak_time":1082,"minecraft:walk_under_water_one_cm":310,"minecraft:jump":1355,"minecraft:leave_game":5,"minecraft:time_since_death":49400,"minecraft:walk_on_water_one_cm":6484,"minecraft:total_world_time":52938,"minecraft:fall_one_cm":38692},"minecraft:picked_up":{"minecraft:leather":3,"minecraft:dandelion":1,"minecraft:porkchop":1,"minecraft:oak_log":19,"minecraft:dirt":14,"minecraft:wheat_seeds":20,"minecraft:beef":20,"minecraft:oak_sapling":1,"minecraft:oak_planks":2,"minecraft:sugar_cane":23,"minecraft:mutton":9,"minecraft:white_wool":4,"minecraft:cobblestone":14,"minecraft:furnace":1},"minecraft:crafted":{"minecraft:cooked_beef":11,"minecraft:oak_planks":68,"minecraft:crafting_table":1,"minecraft:stick":8,"minecraft:wooden_pickaxe":1,"minecraft:stone_pickaxe":1,"minecraft:furnace":1,"minecraft:white_bed":1,"minecraft:stone_axe":1,"minecraft:air":0}},"DataVersion":3465}