{"stats":{"minecraft:mined":{"minecraft:oak_slab":9,"minecraft:white_bed":3,"minecraft:pink_bed":1,"minecraft:dandelion":9,"minecraft:cornflower":2,"minecraft:crafting_table":2,"minecraft:grass_block":45,"minecraft:chest":18,"minecraft:tall_grass":33,"minecraft:cobblestone":2,"minecraft:sugar_cane":8,"minecraft:oak_planks":75,"minecraft:hay_block":11,"minecraft:oak_trapdoor":5,"minecraft:furnace":1,"minecraft:azure_bluet":1,"minecraft:grass":118,"minecraft:oak_log":35,"minecraft:gravel":10,"minecraft:dirt":55,"minecraft:tripwire_hook":4,"minecraft:stone":26,"minecraft:white_wool":1,"minecraft:oak_leaves":4,"minecraft:tripwire":14},"minecraft:custom":{"minecraft:interact_with_furnace":16,"minecraft:mob_kills":25,"minecraft:interact_with_cartography_table":1,"minecraft:interact_with_crafting_table":28,"minecraft:leave_game":8,"minecraft:time_since_death":86342,"minecraft:sleep_in_bed":8,"minecraft:climb_one_cm":143,"minecraft:time_since_rest":7486,"minecraft:sprint_one_cm":269639,"minecraft:damage_taken":1733,"minecraft:walk_one_cm":204880,"minecraft:drop":49,"minecraft:damage_dealt":5994,"minecraft:swim_one_cm":15435,"minecraft:talked_to_villager":3,"minecraft:fly_one_cm":968601,"minecraft:open_chest":7,"minecraft:crouch_one_cm":15474,"minecraft:play_time":145165,"minecraft:deaths":3,"minecraft:sneak_time":10363,"minecraft:walk_under_water_one_cm":8917,"minecraft:jump":3170,"minecraft:walk_on_water_one_cm":24354,"minecraft:total_world_time":145165,"minecraft:fall_one_cm":97975},"minecraft:dropped":{"minecraft:gravel":6,"minecraft:stone_axe":2,"minecraft:wheat_seeds":37,"minecraft:cooked_beef":4,"minecraft:stone_sword":1,"minecraft:oak_log":2,"minecraft:raw_copper":1,"minecraft:rotten_flesh":10,"minecraft:oak_planks":1,"minecraft:azure_bluet":1,"minecraft:poppy":2,"minecraft:dirt":1,"minecraft:gunpowder":1,"minecraft:golden_carrot":1,"minecraft:cornflower":2,"minecraft:oak_sapling":3,"minecraft:wooden_pickaxe":1,"minecraft:stone_pickaxe":1,"minecraft:redstone":5,"minecraft:dandelion":9},"minecraft:killed":{"minecraft:iron_golem":4,"minecraft:creeper":1,"minecraft:sheep":6,"minecraft:skeleton":1,"minecraft:zombie":5,"minecraft:cow":7},"minecraft:crafted":{"minecraft:cooked_beef":11,"minecraft:oak_slab":12,"minecraft:oak_planks":352,"minecraft:tripwire_hook":2,"minecraft:crafting_table":5,"minecraft:wooden_pickaxe":1,"minecraft:furnace":1,"minecraft:bucket":1,"minecraft:lever":1,"minecraft:stone_axe":1,"minecraft:bread":27,"minecraft:air":0,"minecraft:flint_and_steel":1,"minecraft:oak_trapdoor":8,"minecraft:stick":12,"minecraft:stone_pickaxe":1,"minecraft:chest":9,"minecraft:white_bed":1,"minecraft:shears":1,"minecraft:wheat":81},"minecraft:picked_up":{"minecraft:crafting_table":2,"minecraft:azure_bluet":1,"minecraft:cooked_beef":4,"minecraft:tripwire_hook":6,"minecraft:leather":7,"minecraft:wooden_pickaxe":1,"minecraft:filled_map":1,"minecraft:golden_shovel":1,"minecraft:flint":1,"minecraft:oak_log":90,"minecraft:golden_boots":1,"minecraft:golden_sword":1,"minecraft:gunpowder":1,"minecraft:cornflower":2,"minecraft:string":191,"minecraft:dirt":112,"minecraft:oak_trapdoor":5,"minecraft:raw_copper":1,"minecraft:activator_rail":2,"minecraft:wheat_seeds":39,"minecraft:stone_pickaxe":2,"minecraft:iron_ingot":12,"minecraft:beef":30,"minecraft:poppy":3,"minecraft:sugar_cane":46,"minecraft:chest":18,"minecraft:pink_bed":1,"minecraft:oak_planks":109,"minecraft:egg":1,"minecraft:furnace":2,"minecraft:oak_slab":11,"minecraft:stick":8,"minecraft:dandelion":9,"minecraft:gravel":9,"minecraft:porkchop":12,"minecraft:white_bed":4,"minecraft:redstone":4,"minecraft:rotten_flesh":10,"minecraft:stone_sword":1,"minecraft:yellow_carpet":1,"minecraft:stone_shovel":2,"minecraft:stone_axe":4,"minecraft:lever":3,"minecraft:hay_block":18,"minecraft:bread":28,"minecraft:gold_ingot":8,"minecraft:oak_sapling":3,"minecraft:mutton":22,"minecraft:obsidian":2,"minecraft:white_wool":10,"minecraft:cobblestone":28},"minecraft:killed_by":{"minecraft:iron_golem":1},"minecraft:broken":{"minecraft:golden_sword":1,"minecraft:stone_axe":1},"minecraft:used":{"minecraft:oak_trapdoor":7,"minecraft:water_bucket":67,"minecraft:redstone":4,"minecraft:flint_and_steel":1,"minecraft:stone_shovel":52,"minecraft:stone_pickaxe":18,"minecraft:oak_planks":134,"minecraft:poppy":1,"minecraft:chest":26,"minecraft:wooden_pickaxe":14,"minecraft:dirt":64,"minecraft:rail":1,"minecraft:oak_slab":11,"minecraft:crafting_table":6,"minecraft:yellow_carpet":1,"minecraft:white_bed":2,"minecraft:golden_shovel":27,"minecraft:shears":120,"minecraft:sticky_piston":3,"minecraft:lever":4,"minecraft:activator_rail":2,"minecraft:lava_bucket":46,"minecraft:grass_block":38,"minecraft:bread":15,"minecraft:slime_block":2,"minecraft:string":172,"minecraft:gravel":3,"minecraft:stone_axe":182,"minecraft:tripwire_hook":8,"minecraft:golden_sword":34,"minecraft:golden_carrot":4,"minecraft:furnace":1,"minecraft:bucket":113,"minecraft:egg":1,"minecraft:observer":3,"minecraft:cooked_beef":7}},"DataVersion":3465}