{"stats":{"minecraft:killed_by":{"kimetsunoyaiba:demon_2":1},"minecraft:used":{"minecraft:dirt":11,"minecraft:bread":1,"kimetsunoyaiba:nichirinsword_thunder":4},"minecraft:custom":{"minecraft:time_since_rest":246,"minecraft:play_one_minute":5854,"minecraft:crouch_one_cm":342,"minecraft:deaths":1,"minecraft:sprint_one_cm":14792,"minecraft:damage_taken":240,"minecraft:walk_one_cm":6822,"minecraft:sneak_time":88,"minecraft:walk_under_water_one_cm":254,"minecraft:drop":1,"minecraft:damage_dealt_resisted":36,"minecraft:jump":200,"minecraft:damage_dealt":55,"minecraft:time_since_death":224,"minecraft:walk_on_water_one_cm":330,"minecraft:swim_one_cm":3260,"minecraft:fall_one_cm":5258,"minecraft:fly_one_cm":31426},"minecraft:mined":{"minecraft:grass":1,"minecraft:grass_block":9,"minecraft:oak_log":5,"minecraft:dirt":2,"minecraft:oak_leaves":2},"minecraft:dropped":{"kimetsunoyaiba:nichirinsword_thunder":1},"minecraft:crafted":{"minecraft:oak_planks":20,"minecraft:crafting_table":1},"minecraft:picked_up":{"minecraft:oak_log":5,"minecraft:dirt":11}},"DataVersion":2586}