{"stats":{"minecraft:broken":{"minecraft:golden_sword":1,"minecraft:stone_axe":1},"minecraft:dropped":{"minecraft:gravel":6,"minecraft:stone_axe":2,"minecraft:wheat_seeds":33,"minecraft:stone_sword":1,"minecraft:cooked_beef":4,"minecraft:oak_log":2,"minecraft:rotten_flesh":10,"minecraft:oak_planks":1,"minecraft:poppy":2,"minecraft:golden_carrot":1,"minecraft:oak_sapling":3,"minecraft:wooden_pickaxe":1,"minecraft:stone_pickaxe":1,"minecraft:dandelion":1},"minecraft:mined":{"minecraft:white_bed":2,"minecraft:dandelion":1,"minecraft:grass_block":44,"minecraft:chest":8,"minecraft:cobblestone":2,"minecraft:tall_grass":33,"minecraft:sugar_cane":8,"minecraft:oak_planks":46,"minecraft:hay_block":11,"minecraft:oak_trapdoor":3,"minecraft:furnace":1,"minecraft:grass":79,"minecraft:oak_log":35,"minecraft:gravel":10,"minecraft:dirt":55,"minecraft:tripwire_hook":2,"minecraft:stone":26,"minecraft:white_wool":1,"minecraft:tripwire":11,"minecraft:oak_leaves":4},"minecraft:used":{"minecraft:oak_trapdoor":5,"minecraft:water_bucket":65,"minecraft:flint_and_steel":1,"minecraft:poppy":1,"minecraft:stone_shovel":49,"minecraft:stone_pickaxe":18,"minecraft:oak_planks":95,"minecraft:chest":16,"minecraft:wooden_pickaxe":14,"minecraft:dirt":64,"minecraft:crafting_table":3,"minecraft:white_bed":2,"minecraft:yellow_carpet":1,"minecraft:golden_shovel":27,"minecraft:shears":96,"minecraft:lever":2,"minecraft:lava_bucket":46,"minecraft:grass_block":38,"minecraft:bread":9,"minecraft:string":134,"minecraft:gravel":3,"minecraft:stone_axe":122,"minecraft:tripwire_hook":6,"minecraft:golden_sword":34,"minecraft:golden_carrot":4,"minecraft:furnace":1,"minecraft:bucket":112,"minecraft:egg":1,"minecraft:cooked_beef":7},"minecraft:killed_by":{"minecraft:iron_golem":1},"minecraft:killed":{"minecraft:iron_golem":4,"minecraft:sheep":6,"minecraft:zombie":4,"minecraft:cow":7},"minecraft:custom":{"minecraft:interact_with_furnace":16,"minecraft:mob_kills":22,"minecraft:interact_with_crafting_table":22,"minecraft:interact_with_cartography_table":1,"minecraft:leave_game":6,"minecraft:time_since_death":66844,"minecraft:sleep_in_bed":7,"minecraft:climb_one_cm":143,"minecraft:time_since_rest":327,"minecraft:sprint_one_cm":229429,"minecraft:damage_taken":1603,"minecraft:walk_one_cm":164789,"minecraft:drop":39,"minecraft:damage_dealt":5520,"minecraft:talked_to_villager":3,"minecraft:swim_one_cm":14399,"minecraft:fly_one_cm":861540,"minecraft:open_chest":4,"minecraft:crouch_one_cm":13016,"minecraft:play_time":125667,"minecraft:deaths":3,"minecraft:sneak_time":9042,"minecraft:walk_under_water_one_cm":7450,"minecraft:jump":2715,"minecraft:walk_on_water_one_cm":20167,"minecraft:total_world_time":125667,"minecraft:fall_one_cm":81061},"minecraft:picked_up":{"minecraft:cooked_beef":4,"minecraft:tripwire_hook":4,"minecraft:leather":7,"minecraft:wooden_pickaxe":1,"minecraft:filled_map":1,"minecraft:golden_shovel":1,"minecraft:flint":1,"minecraft:oak_log":90,"minecraft:golden_boots":1,"minecraft:golden_sword":1,"minecraft:oak_trapdoor":3,"minecraft:dirt":111,"minecraft:string":160,"minecraft:wheat_seeds":35,"minecraft:beef":30,"minecraft:iron_ingot":12,"minecraft:stone_pickaxe":2,"minecraft:poppy":3,"minecraft:sugar_cane":46,"minecraft:chest":8,"minecraft:oak_planks":80,"minecraft:egg":1,"minecraft:furnace":2,"minecraft:stick":8,"minecraft:dandelion":1,"minecraft:gravel":9,"minecraft:porkchop":12,"minecraft:white_bed":3,"minecraft:stone_sword":1,"minecraft:stone_shovel":2,"minecraft:rotten_flesh":10,"minecraft:yellow_carpet":1,"minecraft:stone_axe":4,"minecraft:lever":1,"minecraft:hay_block":18,"minecraft:bread":28,"minecraft:gold_ingot":8,"minecraft:oak_sapling":3,"minecraft:mutton":22,"minecraft:obsidian":2,"minecraft:white_wool":10,"minecraft:cobblestone":28},"minecraft:crafted":{"minecraft:cooked_beef":11,"minecraft:oak_planks":352,"minecraft:tripwire_hook":2,"minecraft:crafting_table":3,"minecraft:wooden_pickaxe":1,"minecraft:furnace":1,"minecraft:bucket":1,"minecraft:lever":1,"minecraft:stone_axe":1,"minecraft:bread":27,"minecraft:air":0,"minecraft:flint_and_steel":1,"minecraft:oak_trapdoor":6,"minecraft:stick":12,"minecraft:stone_pickaxe":1,"minecraft:chest":8,"minecraft:white_bed":1,"minecraft:shears":1,"minecraft:wheat":81}},"DataVersion":3465}