{"stats":{"minecraft:broken":{"minecraft:golden_sword":1},"minecraft:dropped":{"minecraft:gravel":6,"minecraft:stone_axe":2,"minecraft:wheat_seeds":33,"minecraft:stone_sword":1,"minecraft:cooked_beef":4,"minecraft:oak_log":2,"minecraft:rotten_flesh":10,"minecraft:poppy":2,"minecraft:golden_carrot":1,"minecraft:oak_sapling":3,"minecraft:wooden_pickaxe":1,"minecraft:stone_pickaxe":1,"minecraft:dandelion":1},"minecraft:mined":{"minecraft:white_bed":2,"minecraft:dandelion":1,"minecraft:grass_block":30,"minecraft:tall_grass":33,"minecraft:sugar_cane":8,"minecraft:oak_planks":30,"minecraft:hay_block":11,"minecraft:oak_trapdoor":3,"minecraft:furnace":1,"minecraft:grass":78,"minecraft:oak_log":35,"minecraft:gravel":6,"minecraft:dirt":39,"minecraft:tripwire_hook":2,"minecraft:stone":18,"minecraft:white_wool":1,"minecraft:tripwire":10,"minecraft:oak_leaves":4},"minecraft:used":{"minecraft:oak_trapdoor":5,"minecraft:water_bucket":21,"minecraft:poppy":1,"minecraft:stone_shovel":25,"minecraft:stone_pickaxe":5,"minecraft:oak_planks":66,"minecraft:chest":8,"minecraft:wooden_pickaxe":14,"minecraft:dirt":36,"minecraft:crafting_table":3,"minecraft:white_bed":2,"minecraft:yellow_carpet":1,"minecraft:golden_shovel":27,"minecraft:shears":87,"minecraft:lever":2,"minecraft:grass_block":38,"minecraft:bread":3,"minecraft:string":122,"minecraft:stone_axe":92,"minecraft:tripwire_hook":6,"minecraft:golden_sword":34,"minecraft:golden_carrot":4,"minecraft:furnace":1,"minecraft:bucket":21,"minecraft:cooked_beef":7},"minecraft:killed_by":{"minecraft:iron_golem":1},"minecraft:killed":{"minecraft:iron_golem":3,"minecraft:sheep":6,"minecraft:zombie":4,"minecraft:cow":7},"minecraft:custom":{"minecraft:interact_with_furnace":16,"minecraft:mob_kills":21,"minecraft:interact_with_crafting_table":22,"minecraft:interact_with_cartography_table":1,"minecraft:leave_game":5,"minecraft:time_since_death":42115,"minecraft:sleep_in_bed":5,"minecraft:time_since_rest":9521,"minecraft:sprint_one_cm":186133,"minecraft:damage_taken":1438,"minecraft:walk_one_cm":142390,"minecraft:drop":38,"minecraft:damage_dealt":4880,"minecraft:talked_to_villager":3,"minecraft:swim_one_cm":12163,"minecraft:fly_one_cm":760749,"minecraft:open_chest":4,"minecraft:crouch_one_cm":4977,"minecraft:play_time":100938,"minecraft:deaths":3,"minecraft:sneak_time":5010,"minecraft:walk_under_water_one_cm":3986,"minecraft:jump":2207,"minecraft:walk_on_water_one_cm":15035,"minecraft:total_world_time":100938,"minecraft:fall_one_cm":65665},"minecraft:picked_up":{"minecraft:cooked_beef":4,"minecraft:tripwire_hook":4,"minecraft:leather":7,"minecraft:wooden_pickaxe":1,"minecraft:filled_map":1,"minecraft:golden_shovel":1,"minecraft:oak_log":90,"minecraft:golden_boots":1,"minecraft:golden_sword":1,"minecraft:oak_trapdoor":3,"minecraft:dirt":84,"minecraft:string":144,"minecraft:wheat_seeds":35,"minecraft:beef":30,"minecraft:iron_ingot":9,"minecraft:stone_pickaxe":2,"minecraft:poppy":3,"minecraft:sugar_cane":46,"minecraft:oak_planks":61,"minecraft:furnace":2,"minecraft:stick":8,"minecraft:dandelion":1,"minecraft:gravel":6,"minecraft:porkchop":12,"minecraft:white_bed":3,"minecraft:stone_sword":1,"minecraft:stone_shovel":2,"minecraft:rotten_flesh":10,"minecraft:yellow_carpet":1,"minecraft:stone_axe":3,"minecraft:lever":1,"minecraft:hay_block":18,"minecraft:bread":28,"minecraft:gold_ingot":8,"minecraft:oak_sapling":3,"minecraft:mutton":22,"minecraft:obsidian":2,"minecraft:white_wool":10,"minecraft:cobblestone":24},"minecraft:crafted":{"minecraft:cooked_beef":11,"minecraft:oak_planks":352,"minecraft:tripwire_hook":2,"minecraft:crafting_table":3,"minecraft:wooden_pickaxe":1,"minecraft:furnace":1,"minecraft:bucket":1,"minecraft:lever":1,"minecraft:stone_axe":1,"minecraft:bread":27,"minecraft:air":0,"minecraft:oak_trapdoor":6,"minecraft:stick":12,"minecraft:stone_pickaxe":1,"minecraft:chest":8,"minecraft:white_bed":1,"minecraft:shears":1,"minecraft:wheat":81}},"DataVersion":3465}