{"stats":{"minecraft:broken":{"minecraft:golden_sword":1},"minecraft:dropped":{"minecraft:wheat_seeds":19,"minecraft:cooked_beef":4,"minecraft:oak_log":2,"minecraft:rotten_flesh":4,"minecraft:golden_carrot":1,"minecraft:oak_sapling":1,"minecraft:dandelion":1},"minecraft:used":{"minecraft:stone_pickaxe":1,"minecraft:oak_planks":28,"minecraft:wooden_pickaxe":14,"minecraft:dirt":5,"minecraft:crafting_table":1,"minecraft:white_bed":1,"minecraft:yellow_carpet":1,"minecraft:grass_block":38,"minecraft:stone_axe":36,"minecraft:golden_sword":34,"minecraft:golden_carrot":4,"minecraft:furnace":1,"minecraft:cooked_beef":4},"minecraft:mined":{"minecraft:white_bed":2,"minecraft:dandelion":1,"minecraft:grass_block":5,"minecraft:tall_grass":22,"minecraft:sugar_cane":8,"minecraft:oak_planks":13,"minecraft:hay_block":11,"minecraft:furnace":1,"minecraft:grass":58,"minecraft:oak_log":21,"minecraft:dirt":11,"minecraft:stone":14,"minecraft:oak_leaves":3},"minecraft:killed_by":{"minecraft:iron_golem":1},"minecraft:killed":{"minecraft:iron_golem":1,"minecraft:sheep":6,"minecraft:zombie":2,"minecraft:cow":7},"minecraft:custom":{"minecraft:interact_with_furnace":16,"minecraft:mob_kills":16,"minecraft:interact_with_crafting_table":5,"minecraft:interact_with_cartography_table":1,"minecraft:leave_game":5,"minecraft:time_since_death":6115,"minecraft:sleep_in_bed":1,"minecraft:time_since_rest":1724,"minecraft:sprint_one_cm":134701,"minecraft:damage_taken":1143,"minecraft:walk_one_cm":82475,"minecraft:drop":21,"minecraft:damage_dealt":2630,"minecraft:swim_one_cm":12163,"minecraft:fly_one_cm":644312,"minecraft:open_chest":4,"minecraft:crouch_one_cm":3023,"minecraft:play_time":64938,"minecraft:deaths":3,"minecraft:sneak_time":1813,"minecraft:walk_under_water_one_cm":1629,"minecraft:jump":1635,"minecraft:walk_on_water_one_cm":8880,"minecraft:total_world_time":64938,"minecraft:fall_one_cm":47986},"minecraft:picked_up":{"minecraft:cooked_beef":4,"minecraft:leather":6,"minecraft:wooden_pickaxe":1,"minecraft:filled_map":1,"minecraft:golden_shovel":1,"minecraft:oak_log":19,"minecraft:golden_boots":1,"minecraft:golden_sword":1,"minecraft:dirt":23,"minecraft:string":2,"minecraft:wheat_seeds":21,"minecraft:beef":30,"minecraft:iron_ingot":3,"minecraft:stone_pickaxe":1,"minecraft:sugar_cane":46,"minecraft:oak_planks":41,"minecraft:furnace":2,"minecraft:stick":2,"minecraft:dandelion":1,"minecraft:porkchop":2,"minecraft:white_bed":3,"minecraft:rotten_flesh":4,"minecraft:yellow_carpet":1,"minecraft:stone_axe":1,"minecraft:hay_block":18,"minecraft:gold_ingot":8,"minecraft:oak_sapling":1,"minecraft:mutton":22,"minecraft:obsidian":2,"minecraft:white_wool":9,"minecraft:cobblestone":14},"minecraft:crafted":{"minecraft:cooked_beef":11,"minecraft:oak_planks":68,"minecraft:crafting_table":2,"minecraft:wooden_pickaxe":1,"minecraft:furnace":1,"minecraft:stone_axe":1,"minecraft:air":0,"minecraft:stick":8,"minecraft:stone_pickaxe":1,"minecraft:white_bed":1}},"DataVersion":3465}