{"stats":{"minecraft:mined":{"minecraft:white_bed":3,"minecraft:pink_bed":1,"minecraft:grass_block":197,"minecraft:oak_wall_sign":1,"minecraft:hay_block":11,"minecraft:oak_trapdoor":6,"minecraft:furnace":1,"minecraft:azure_bluet":1,"minecraft:cobblestone_slab":2,"minecraft:dirt_path":1,"minecraft:stone":105,"minecraft:white_wool":1,"minecraft:tripwire":15,"minecraft:oak_slab":12,"minecraft:dandelion":12,"minecraft:oak_fence":1,"minecraft:crafting_table":2,"minecraft:cornflower":2,"minecraft:torch":6,"minecraft:poppy":1,"minecraft:chest":18,"minecraft:cobblestone":23,"minecraft:tall_grass":41,"minecraft:oak_planks":79,"minecraft:sugar_cane":8,"minecraft:grass":184,"minecraft:oak_log":35,"minecraft:coal_ore":10,"minecraft:dirt":147,"minecraft:gravel":10,"minecraft:tripwire_hook":4,"minecraft:oak_leaves":4},"minecraft:custom":{"minecraft:mob_kills":29,"minecraft:inspect_hopper":1,"minecraft:interact_with_crafting_table":41,"minecraft:leave_game":8,"minecraft:time_since_death":3208,"minecraft:climb_one_cm":143,"minecraft:sprint_one_cm":378711,"minecraft:walk_one_cm":332030,"minecraft:drop":59,"minecraft:talked_to_villager":3,"minecraft:play_time":193165,"minecraft:deaths":4,"minecraft:sneak_time":15631,"minecraft:walk_under_water_one_cm":8917,"minecraft:boat_one_cm":70217,"minecraft:jump":4043,"minecraft:walk_on_water_one_cm":43041,"minecraft:total_world_time":193165,"minecraft:interact_with_furnace":16,"minecraft:interact_with_cartography_table":1,"minecraft:sleep_in_bed":10,"minecraft:time_since_rest":3356,"minecraft:damage_taken":2301,"minecraft:damage_dealt":8818,"minecraft:swim_one_cm":15435,"minecraft:fly_one_cm":1151661,"minecraft:open_chest":25,"minecraft:crouch_one_cm":29282,"minecraft:fall_one_cm":120502},"minecraft:dropped":{"minecraft:iron_ingot":10,"minecraft:iron_sword":2,"minecraft:wheat_seeds":38,"minecraft:cooked_beef":4,"minecraft:oak_log":2,"minecraft:dirt":26,"minecraft:golden_carrot":1,"minecraft:cornflower":2,"minecraft:dandelion":9,"minecraft:redstone":5,"minecraft:gravel":6,"minecraft:stone_axe":2,"minecraft:stone_sword":1,"minecraft:raw_copper":1,"minecraft:stone_shovel":1,"minecraft:rotten_flesh":10,"minecraft:oak_planks":1,"minecraft:azure_bluet":1,"minecraft:poppy":3,"minecraft:gunpowder":1,"minecraft:oak_sapling":3,"minecraft:stone_pickaxe":3,"minecraft:wooden_pickaxe":1},"minecraft:killed":{"minecraft:skeleton":1,"minecraft:iron_golem":5,"minecraft:creeper":3,"minecraft:sheep":6,"minecraft:zombie":6,"minecraft:cow":7},"minecraft:crafted":{"minecraft:oak_planks":352,"minecraft:cobblestone_slab":6,"minecraft:oak_sign":6,"minecraft:tripwire_hook":2,"minecraft:furnace":1,"minecraft:lever":1,"minecraft:oak_trapdoor":10,"minecraft:flint_and_steel":1,"minecraft:iron_boots":1,"minecraft:stone_pickaxe":1,"minecraft:chest":11,"minecraft:stone_hoe":1,"minecraft:wheat":81,"minecraft:cooked_beef":11,"minecraft:oak_slab":12,"minecraft:crafting_table":5,"minecraft:wooden_pickaxe":1,"minecraft:bucket":1,"minecraft:stone_axe":1,"minecraft:bread":27,"minecraft:air":0,"minecraft:oak_fence_gate":1,"minecraft:oak_boat":1,"minecraft:iron_chestplate":1,"minecraft:stick":20,"minecraft:iron_leggings":1,"minecraft:white_bed":1,"minecraft:torch":40,"minecraft:shears":1},"minecraft:picked_up":{"minecraft:iron_chestplate":1,"minecraft:crafting_table":2,"minecraft:azure_bluet":1,"minecraft:wooden_pickaxe":1,"minecraft:golden_shovel":2,"minecraft:golden_sword":1,"minecraft:cornflower":3,"minecraft:oak_trapdoor":6,"minecraft:string":210,"minecraft:red_bed":1,"minecraft:raw_copper":1,"minecraft:flint_and_steel":1,"minecraft:iron_leggings":1,"minecraft:iron_shovel":2,"minecraft:oak_sign":2,"minecraft:activator_rail":2,"minecraft:bucket":1,"minecraft:beef":40,"minecraft:cobblestone_slab":4,"minecraft:poppy":7,"minecraft:sugar_cane":69,"minecraft:chest":18,"minecraft:iron_boots":1,"minecraft:furnace":3,"minecraft:egg":1,"minecraft:stick":8,"minecraft:oak_fence":2,"minecraft:torch":7,"minecraft:porkchop":23,"minecraft:redstone":4,"minecraft:stone_sword":1,"minecraft:stone_shovel":2,"minecraft:rotten_flesh":10,"minecraft:shears":1,"minecraft:hay_block":18,"minecraft:gold_ingot":16,"minecraft:obsidian":2,"minecraft:mutton":33,"minecraft:cobblestone":210,"minecraft:white_wool":14,"minecraft:cooked_beef":4,"minecraft:tripwire_hook":6,"minecraft:water_bucket":2,"minecraft:leather":9,"minecraft:filled_map":1,"minecraft:flint":1,"minecraft:oak_log":90,"minecraft:golden_boots":1,"minecraft:gunpowder":5,"minecraft:dirt":430,"minecraft:leather_boots":1,"minecraft:wheat_seeds":57,"minecraft:iron_ingot":32,"minecraft:stone_pickaxe":5,"minecraft:stone_hoe":1,"minecraft:iron_sword":4,"minecraft:oak_planks":228,"minecraft:oak_slab":22,"minecraft:pink_bed":1,"minecraft:dandelion":13,"minecraft:gravel":9,"minecraft:white_bed":4,"minecraft:yellow_carpet":1,"minecraft:stone_axe":4,"minecraft:lever":3,"minecraft:bread":58,"minecraft:oak_sapling":3,"minecraft:coal":10,"minecraft:hopper":1},"minecraft:killed_by":{"minecraft:iron_golem":2},"minecraft:broken":{"minecraft:stone_pickaxe":1,"minecraft:golden_sword":1,"minecraft:stone_axe":2,"minecraft:stone_shovel":1},"minecraft:used":{"minecraft:oak_trapdoor":12,"minecraft:iron_shovel":91,"minecraft:flint_and_steel":1,"minecraft:stone_shovel":283,"minecraft:redstone":4,"minecraft:poppy":1,"minecraft:oak_sign":6,"minecraft:chest":29,"minecraft:iron_sword":37,"minecraft:stone_hoe":8,"minecraft:iron_chestplate":1,"minecraft:torch":47,"minecraft:dirt":288,"minecraft:hopper":1,"minecraft:yellow_carpet":1,"minecraft:golden_shovel":27,"minecraft:oak_fence_gate":1,"minecraft:lava_bucket":47,"minecraft:grass_block":38,"minecraft:slime_block":2,"minecraft:iron_boots":1,"minecraft:golden_sword":34,"minecraft:tripwire_hook":8,"minecraft:golden_carrot":4,"minecraft:furnace":1,"minecraft:egg":1,"minecraft:cooked_beef":7,"minecraft:iron_leggings":1,"minecraft:observer":3,"minecraft:water_bucket":73,"minecraft:stone_pickaxe":131,"minecraft:oak_planks":134,"minecraft:wooden_pickaxe":14,"minecraft:cobblestone_slab":6,"minecraft:rail":1,"minecraft:oak_slab":24,"minecraft:crafting_table":7,"minecraft:red_bed":1,"minecraft:white_bed":4,"minecraft:shears":120,"minecraft:sticky_piston":3,"minecraft:lever":4,"minecraft:activator_rail":2,"minecraft:bread":25,"minecraft:string":173,"minecraft:gravel":3,"minecraft:stone_axe":202,"minecraft:pink_bed":1,"minecraft:cobblestone":24,"minecraft:bucket":120,"minecraft:oak_boat":1}},"DataVersion":3465}