{"stats":{"minecraft:broken":{"minecraft:golden_sword":1},"minecraft:dropped":{"minecraft:wheat_seeds":22,"minecraft:cooked_beef":4,"minecraft:oak_log":2,"minecraft:rotten_flesh":9,"minecraft:golden_carrot":1,"minecraft:oak_sapling":1,"minecraft:dandelion":1},"minecraft:mined":{"minecraft:white_bed":2,"minecraft:dandelion":1,"minecraft:grass_block":20,"minecraft:tall_grass":30,"minecraft:sugar_cane":8,"minecraft:oak_planks":18,"minecraft:hay_block":11,"minecraft:furnace":1,"minecraft:grass":74,"minecraft:oak_log":35,"minecraft:gravel":6,"minecraft:dirt":21,"minecraft:stone":18,"minecraft:oak_leaves":4},"minecraft:used":{"minecraft:oak_trapdoor":2,"minecraft:water_bucket":4,"minecraft:stone_shovel":3,"minecraft:stone_pickaxe":5,"minecraft:oak_planks":34,"minecraft:chest":8,"minecraft:wooden_pickaxe":14,"minecraft:dirt":27,"minecraft:crafting_table":3,"minecraft:white_bed":2,"minecraft:yellow_carpet":1,"minecraft:golden_shovel":27,"minecraft:lever":1,"minecraft:grass_block":38,"minecraft:stone_axe":62,"minecraft:tripwire_hook":2,"minecraft:golden_sword":34,"minecraft:golden_carrot":4,"minecraft:furnace":1,"minecraft:bucket":5,"minecraft:cooked_beef":6},"minecraft:killed_by":{"minecraft:iron_golem":1},"minecraft:killed":{"minecraft:iron_golem":2,"minecraft:sheep":6,"minecraft:zombie":2,"minecraft:cow":7},"minecraft:custom":{"minecraft:interact_with_furnace":16,"minecraft:mob_kills":18,"minecraft:interact_with_crafting_table":18,"minecraft:interact_with_cartography_table":1,"minecraft:leave_game":5,"minecraft:time_since_death":18115,"minecraft:sleep_in_bed":1,"minecraft:time_since_rest":13724,"minecraft:sprint_one_cm":162558,"minecraft:damage_taken":1278,"minecraft:walk_one_cm":99620,"minecraft:drop":27,"minecraft:damage_dealt":3479,"minecraft:swim_one_cm":12163,"minecraft:fly_one_cm":722627,"minecraft:open_chest":4,"minecraft:crouch_one_cm":3431,"minecraft:play_time":76938,"minecraft:deaths":3,"minecraft:sneak_time":2195,"minecraft:walk_under_water_one_cm":1629,"minecraft:jump":1954,"minecraft:walk_on_water_one_cm":8955,"minecraft:total_world_time":76938,"minecraft:fall_one_cm":59087},"minecraft:picked_up":{"minecraft:cooked_beef":4,"minecraft:leather":6,"minecraft:wooden_pickaxe":1,"minecraft:filled_map":1,"minecraft:golden_shovel":1,"minecraft:oak_log":33,"minecraft:golden_boots":1,"minecraft:golden_sword":1,"minecraft:dirt":48,"minecraft:string":2,"minecraft:wheat_seeds":24,"minecraft:beef":30,"minecraft:iron_ingot":6,"minecraft:stone_pickaxe":1,"minecraft:poppy":2,"minecraft:sugar_cane":46,"minecraft:oak_planks":46,"minecraft:furnace":2,"minecraft:stick":3,"minecraft:dandelion":1,"minecraft:gravel":6,"minecraft:porkchop":2,"minecraft:white_bed":3,"minecraft:stone_shovel":2,"minecraft:rotten_flesh":9,"minecraft:yellow_carpet":1,"minecraft:stone_axe":1,"minecraft:hay_block":18,"minecraft:bread":28,"minecraft:gold_ingot":8,"minecraft:oak_sapling":3,"minecraft:mutton":22,"minecraft:obsidian":2,"minecraft:white_wool":9,"minecraft:cobblestone":18},"minecraft:crafted":{"minecraft:cooked_beef":11,"minecraft:oak_planks":124,"minecraft:tripwire_hook":2,"minecraft:crafting_table":3,"minecraft:wooden_pickaxe":1,"minecraft:furnace":1,"minecraft:bucket":1,"minecraft:lever":1,"minecraft:stone_axe":1,"minecraft:bread":27,"minecraft:air":0,"minecraft:oak_trapdoor":2,"minecraft:stick":12,"minecraft:stone_pickaxe":1,"minecraft:chest":8,"minecraft:white_bed":1,"minecraft:wheat":81}},"DataVersion":3465}