{"stats":{"minecraft:dropped":{"minecraft:spruce_planks":4,"kimetsunoyaiba:nichirinsword_black":2,"kimetsunoyaiba:uniform_chestplate":2,"kimetsunoyaiba:nichirinsword_thunder":1,"kimetsunoyaiba:nichirinsword":3,"kimetsunoyaiba:uniform_boots":2,"kimetsunoyaiba:nichirinsword_water":3,"kimetsunoyaiba:nichirinsword_wind":2,"kimetsunoyaiba:uniform_leggings":2},"minecraft:mined":{"minecraft:spruce_planks":8,"minecraft:spruce_log":2,"minecraft:grass":7,"minecraft:grass_block":9,"minecraft:oak_log":5,"minecraft:dirt":2,"minecraft:oak_leaves":2},"minecraft:killed_by":{"kimetsunoyaiba:akaza":1,"kimetsunoyaiba:demon":3,"kimetsunoyaiba:doma":9,"kimetsunoyaiba:demon_2":1},"minecraft:custom":{"minecraft:time_since_rest":73,"minecraft:sprint_one_cm":96389,"minecraft:damage_taken":11512,"minecraft:walk_one_cm":57938,"minecraft:mob_kills":3,"minecraft:drop":20,"minecraft:damage_dealt":2422,"minecraft:swim_one_cm":9140,"minecraft:fly_one_cm":262464,"minecraft:crouch_one_cm":5693,"minecraft:play_one_minute":44591,"minecraft:deaths":32,"minecraft:sneak_time":3717,"minecraft:walk_under_water_one_cm":1470,"minecraft:jump":997,"minecraft:damage_dealt_resisted":433,"minecraft:leave_game":4,"minecraft:walk_on_water_one_cm":923,"minecraft:time_since_death":0,"minecraft:damage_resisted":1716,"minecraft:fall_one_cm":82014},"minecraft:used":{"minecraft:wooden_axe":20,"kimetsunoyaiba:demon_spawn_egg":4,"kimetsunoyaiba:nichirinsword_mist":10,"minecraft:bread":14,"kimetsunoyaiba:nichirinsword_black":13,"minecraft:spruce_planks":14,"kimetsunoyaiba:nichirinsword_thunder":4,"minecraft:dirt":11},"minecraft:killed":{"kimetsunoyaiba:demon":1},"minecraft:crafted":{"minecraft:oak_planks":20,"minecraft:crafting_table":1,"minecraft:spruce_planks":8},"minecraft:picked_up":{"minecraft:wooden_axe":1,"kimetsunoyaiba:nichirinsword_black":1,"kimetsunoyaiba:nichirinsword_water":3,"minecraft:oak_log":5,"minecraft:spruce_log":2,"minecraft:dirt":11,"minecraft:spruce_planks":10,"kimetsunoyaiba:nichirinsword_wind":1,"kimetsunoyaiba:nichirinsword":1,"kimetsunoyaiba:human_flesh_2":1}},"DataVersion":2586}