{"stats":{"minecraft:mined":{"minecraft:oak_slab":9,"minecraft:white_bed":2,"minecraft:dandelion":1,"minecraft:grass_block":44,"minecraft:chest":17,"minecraft:tall_grass":33,"minecraft:cobblestone":2,"minecraft:sugar_cane":8,"minecraft:oak_planks":75,"minecraft:hay_block":11,"minecraft:oak_trapdoor":5,"minecraft:furnace":1,"minecraft:grass":87,"minecraft:oak_log":35,"minecraft:gravel":10,"minecraft:dirt":55,"minecraft:tripwire_hook":4,"minecraft:stone":26,"minecraft:white_wool":1,"minecraft:oak_leaves":4,"minecraft:tripwire":12},"minecraft:custom":{"minecraft:interact_with_furnace":16,"minecraft:mob_kills":22,"minecraft:interact_with_cartography_table":1,"minecraft:interact_with_crafting_table":25,"minecraft:leave_game":8,"minecraft:time_since_death":74342,"minecraft:sleep_in_bed":7,"minecraft:climb_one_cm":143,"minecraft:time_since_rest":7825,"minecraft:sprint_one_cm":241402,"minecraft:damage_taken":1613,"minecraft:walk_one_cm":178778,"minecraft:drop":40,"minecraft:damage_dealt":5520,"minecraft:swim_one_cm":15435,"minecraft:talked_to_villager":3,"minecraft:fly_one_cm":888241,"minecraft:open_chest":5,"minecraft:crouch_one_cm":14496,"minecraft:play_time":133165,"minecraft:deaths":3,"minecraft:sneak_time":9750,"minecraft:walk_under_water_one_cm":7937,"minecraft:jump":2851,"minecraft:walk_on_water_one_cm":22265,"minecraft:total_world_time":133165,"minecraft:fall_one_cm":84458},"minecraft:dropped":{"minecraft:gravel":6,"minecraft:stone_axe":2,"minecraft:wheat_seeds":33,"minecraft:cooked_beef":4,"minecraft:stone_sword":1,"minecraft:oak_log":2,"minecraft:raw_copper":1,"minecraft:rotten_flesh":10,"minecraft:oak_planks":1,"minecraft:poppy":2,"minecraft:golden_carrot":1,"minecraft:oak_sapling":3,"minecraft:wooden_pickaxe":1,"minecraft:stone_pickaxe":1,"minecraft:dandelion":1},"minecraft:killed":{"minecraft:iron_golem":4,"minecraft:sheep":6,"minecraft:zombie":4,"minecraft:cow":7},"minecraft:crafted":{"minecraft:cooked_beef":11,"minecraft:oak_slab":12,"minecraft:oak_planks":352,"minecraft:tripwire_hook":2,"minecraft:crafting_table":4,"minecraft:wooden_pickaxe":1,"minecraft:furnace":1,"minecraft:bucket":1,"minecraft:lever":1,"minecraft:stone_axe":1,"minecraft:bread":27,"minecraft:air":0,"minecraft:flint_and_steel":1,"minecraft:oak_trapdoor":6,"minecraft:stick":12,"minecraft:stone_pickaxe":1,"minecraft:chest":9,"minecraft:white_bed":1,"minecraft:shears":1,"minecraft:wheat":81},"minecraft:picked_up":{"minecraft:cooked_beef":4,"minecraft:tripwire_hook":6,"minecraft:leather":7,"minecraft:wooden_pickaxe":1,"minecraft:filled_map":1,"minecraft:golden_shovel":1,"minecraft:flint":1,"minecraft:oak_log":90,"minecraft:golden_boots":1,"minecraft:golden_sword":1,"minecraft:string":184,"minecraft:dirt":111,"minecraft:oak_trapdoor":5,"minecraft:raw_copper":1,"minecraft:wheat_seeds":35,"minecraft:stone_pickaxe":2,"minecraft:iron_ingot":12,"minecraft:beef":30,"minecraft:poppy":3,"minecraft:sugar_cane":46,"minecraft:chest":17,"minecraft:oak_planks":109,"minecraft:egg":1,"minecraft:furnace":2,"minecraft:oak_slab":11,"minecraft:stick":8,"minecraft:dandelion":1,"minecraft:gravel":9,"minecraft:porkchop":12,"minecraft:white_bed":3,"minecraft:rotten_flesh":10,"minecraft:stone_sword":1,"minecraft:yellow_carpet":1,"minecraft:stone_shovel":2,"minecraft:stone_axe":4,"minecraft:lever":2,"minecraft:hay_block":18,"minecraft:bread":28,"minecraft:gold_ingot":8,"minecraft:oak_sapling":3,"minecraft:mutton":22,"minecraft:obsidian":2,"minecraft:white_wool":10,"minecraft:cobblestone":28},"minecraft:killed_by":{"minecraft:iron_golem":1},"minecraft:broken":{"minecraft:golden_sword":1,"minecraft:stone_axe":1},"minecraft:used":{"minecraft:oak_trapdoor":7,"minecraft:water_bucket":67,"minecraft:flint_and_steel":1,"minecraft:stone_shovel":49,"minecraft:stone_pickaxe":18,"minecraft:oak_planks":122,"minecraft:poppy":1,"minecraft:chest":26,"minecraft:wooden_pickaxe":14,"minecraft:dirt":64,"minecraft:oak_slab":11,"minecraft:crafting_table":4,"minecraft:yellow_carpet":1,"minecraft:white_bed":2,"minecraft:golden_shovel":27,"minecraft:shears":109,"minecraft:lever":3,"minecraft:lava_bucket":46,"minecraft:grass_block":38,"minecraft:bread":11,"minecraft:string":153,"minecraft:gravel":3,"minecraft:stone_axe":173,"minecraft:tripwire_hook":8,"minecraft:golden_sword":34,"minecraft:golden_carrot":4,"minecraft:furnace":1,"minecraft:bucket":113,"minecraft:egg":1,"minecraft:cooked_beef":7}},"DataVersion":3465}