{"stats":{"minecraft:killed_by":{"kimetsunoyaiba:doma":9,"kimetsunoyaiba:demon_2":1},"minecraft:used":{"minecraft:dirt":11,"minecraft:bread":5,"kimetsunoyaiba:nichirinsword_black":13,"kimetsunoyaiba:nichirinsword_thunder":4},"minecraft:custom":{"minecraft:time_since_rest":71,"minecraft:play_one_minute":17854,"minecraft:crouch_one_cm":410,"minecraft:deaths":25,"minecraft:sprint_one_cm":66102,"minecraft:damage_taken":8530,"minecraft:walk_one_cm":22063,"minecraft:sneak_time":115,"minecraft:walk_under_water_one_cm":1470,"minecraft:mob_kills":1,"minecraft:drop":3,"minecraft:damage_dealt_resisted":58,"minecraft:jump":525,"minecraft:damage_dealt":734,"minecraft:time_since_death":0,"minecraft:walk_on_water_one_cm":764,"minecraft:damage_resisted":1337,"minecraft:swim_one_cm":9140,"minecraft:fall_one_cm":44299,"minecraft:fly_one_cm":152891},"minecraft:mined":{"minecraft:grass":2,"minecraft:grass_block":9,"minecraft:oak_log":5,"minecraft:dirt":2,"minecraft:oak_leaves":2},"minecraft:dropped":{"kimetsunoyaiba:nichirinsword_thunder":1,"kimetsunoyaiba:nichirinsword_wind":2},"minecraft:crafted":{"minecraft:oak_planks":20,"minecraft:crafting_table":1},"minecraft:picked_up":{"minecraft:oak_log":5,"kimetsunoyaiba:nichirinsword_wind":1,"minecraft:dirt":11}},"DataVersion":2586}