{"stats":{"minecraft:mined":{"minecraft:white_bed":3,"minecraft:pink_bed":1,"minecraft:grass_block":134,"minecraft:hay_block":11,"minecraft:oak_trapdoor":6,"minecraft:furnace":1,"minecraft:azure_bluet":1,"minecraft:dirt_path":1,"minecraft:stone":79,"minecraft:white_wool":1,"minecraft:tripwire":15,"minecraft:oak_slab":12,"minecraft:dandelion":12,"minecraft:oak_fence":1,"minecraft:crafting_table":2,"minecraft:cornflower":2,"minecraft:poppy":1,"minecraft:chest":18,"minecraft:cobblestone":2,"minecraft:tall_grass":35,"minecraft:oak_planks":79,"minecraft:sugar_cane":8,"minecraft:grass":170,"minecraft:oak_log":35,"minecraft:coal_ore":10,"minecraft:dirt":86,"minecraft:gravel":10,"minecraft:tripwire_hook":4,"minecraft:oak_leaves":4},"minecraft:custom":{"minecraft:mob_kills":25,"minecraft:interact_with_crafting_table":28,"minecraft:leave_game":8,"minecraft:time_since_death":98342,"minecraft:climb_one_cm":143,"minecraft:sprint_one_cm":296372,"minecraft:walk_one_cm":242815,"minecraft:drop":52,"minecraft:talked_to_villager":3,"minecraft:play_time":157165,"minecraft:deaths":3,"minecraft:sneak_time":11146,"minecraft:walk_under_water_one_cm":8917,"minecraft:jump":3392,"minecraft:walk_on_water_one_cm":24354,"minecraft:total_world_time":157165,"minecraft:interact_with_furnace":16,"minecraft:interact_with_cartography_table":1,"minecraft:sleep_in_bed":10,"minecraft:time_since_rest":6416,"minecraft:damage_taken":1733,"minecraft:damage_dealt":6014,"minecraft:swim_one_cm":15435,"minecraft:fly_one_cm":1017610,"minecraft:open_chest":7,"minecraft:crouch_one_cm":17787,"minecraft:fall_one_cm":103912},"minecraft:dropped":{"minecraft:wheat_seeds":37,"minecraft:cooked_beef":4,"minecraft:oak_log":2,"minecraft:dirt":26,"minecraft:golden_carrot":1,"minecraft:cornflower":2,"minecraft:dandelion":9,"minecraft:redstone":5,"minecraft:gravel":6,"minecraft:stone_axe":2,"minecraft:stone_sword":1,"minecraft:raw_copper":1,"minecraft:stone_shovel":1,"minecraft:rotten_flesh":10,"minecraft:oak_planks":1,"minecraft:azure_bluet":1,"minecraft:poppy":2,"minecraft:gunpowder":1,"minecraft:oak_sapling":3,"minecraft:stone_pickaxe":2,"minecraft:wooden_pickaxe":1},"minecraft:killed":{"minecraft:skeleton":1,"minecraft:iron_golem":4,"minecraft:creeper":1,"minecraft:sheep":6,"minecraft:zombie":5,"minecraft:cow":7},"minecraft:crafted":{"minecraft:oak_planks":352,"minecraft:tripwire_hook":2,"minecraft:furnace":1,"minecraft:lever":1,"minecraft:oak_trapdoor":8,"minecraft:flint_and_steel":1,"minecraft:stone_pickaxe":1,"minecraft:chest":9,"minecraft:wheat":81,"minecraft:cooked_beef":11,"minecraft:oak_slab":12,"minecraft:crafting_table":5,"minecraft:wooden_pickaxe":1,"minecraft:bucket":1,"minecraft:stone_axe":1,"minecraft:bread":27,"minecraft:air":0,"minecraft:stick":12,"minecraft:white_bed":1,"minecraft:torch":40,"minecraft:shears":1},"minecraft:picked_up":{"minecraft:crafting_table":2,"minecraft:azure_bluet":1,"minecraft:wooden_pickaxe":1,"minecraft:golden_shovel":1,"minecraft:golden_sword":1,"minecraft:cornflower":3,"minecraft:oak_trapdoor":6,"minecraft:string":191,"minecraft:red_bed":1,"minecraft:raw_copper":1,"minecraft:activator_rail":2,"minecraft:beef":30,"minecraft:poppy":4,"minecraft:sugar_cane":46,"minecraft:chest":18,"minecraft:furnace":2,"minecraft:egg":1,"minecraft:stick":8,"minecraft:porkchop":12,"minecraft:redstone":4,"minecraft:stone_sword":1,"minecraft:stone_shovel":2,"minecraft:rotten_flesh":10,"minecraft:hay_block":18,"minecraft:gold_ingot":8,"minecraft:obsidian":2,"minecraft:mutton":22,"minecraft:cobblestone":78,"minecraft:white_wool":10,"minecraft:cooked_beef":4,"minecraft:tripwire_hook":6,"minecraft:leather":7,"minecraft:filled_map":1,"minecraft:flint":1,"minecraft:oak_log":90,"minecraft:golden_boots":1,"minecraft:gunpowder":1,"minecraft:dirt":222,"minecraft:wheat_seeds":50,"minecraft:iron_ingot":12,"minecraft:stone_pickaxe":3,"minecraft:oak_planks":110,"minecraft:oak_slab":14,"minecraft:pink_bed":1,"minecraft:dandelion":13,"minecraft:gravel":9,"minecraft:white_bed":4,"minecraft:yellow_carpet":1,"minecraft:stone_axe":4,"minecraft:lever":3,"minecraft:bread":28,"minecraft:oak_sapling":3,"minecraft:coal":10},"minecraft:killed_by":{"minecraft:iron_golem":1},"minecraft:broken":{"minecraft:golden_sword":1,"minecraft:stone_axe":1,"minecraft:stone_shovel":1},"minecraft:used":{"minecraft:oak_trapdoor":9,"minecraft:flint_and_steel":1,"minecraft:stone_shovel":283,"minecraft:redstone":4,"minecraft:poppy":1,"minecraft:chest":27,"minecraft:torch":15,"minecraft:dirt":70,"minecraft:yellow_carpet":1,"minecraft:golden_shovel":27,"minecraft:lava_bucket":46,"minecraft:grass_block":38,"minecraft:slime_block":2,"minecraft:golden_sword":34,"minecraft:tripwire_hook":8,"minecraft:golden_carrot":4,"minecraft:furnace":1,"minecraft:egg":1,"minecraft:cooked_beef":7,"minecraft:observer":3,"minecraft:water_bucket":67,"minecraft:stone_pickaxe":81,"minecraft:oak_planks":134,"minecraft:wooden_pickaxe":14,"minecraft:rail":1,"minecraft:oak_slab":20,"minecraft:crafting_table":6,"minecraft:red_bed":1,"minecraft:white_bed":4,"minecraft:shears":120,"minecraft:sticky_piston":3,"minecraft:lever":4,"minecraft:activator_rail":2,"minecraft:bread":17,"minecraft:string":173,"minecraft:gravel":3,"minecraft:stone_axe":191,"minecraft:pink_bed":1,"minecraft:bucket":113}},"DataVersion":3465}