{"stats":{"minecraft:broken":{"minecraft:stone_axe":1},"minecraft:dropped":{"minecraft:iron_ingot":1,"minecraft:stone_axe":1,"minecraft:wooden_pickaxe":1},"minecraft:mined":{"minecraft:oak_fence":1,"minecraft:grass_block":7,"minecraft:poppy":1,"minecraft:yellow_carpet":1,"minecraft:tall_grass":7,"minecraft:oak_planks":9,"minecraft:gray_wool":1,"minecraft:tall_seagrass":1,"minecraft:pumpkin":4,"minecraft:yellow_bed":2,"minecraft:peony":6,"minecraft:grass":21,"minecraft:oak_log":5,"minecraft:dirt":18,"minecraft:stone":17,"minecraft:oak_leaves":3},"minecraft:used":{"minecraft:oak_fence":1,"minecraft:stone_sword":90,"minecraft:stone_pickaxe":20,"minecraft:oak_planks":9,"minecraft:ender_pearl":1,"minecraft:wooden_pickaxe":7,"minecraft:dirt":15,"minecraft:mutton":3,"minecraft:apple":1,"minecraft:iron_axe":4,"minecraft:stone_axe":53,"minecraft:beef":4,"minecraft:porkchop":1,"minecraft:cooked_porkchop":3,"minecraft:yellow_bed":2,"minecraft:cooked_beef":1,"minecraft:gray_wool":1},"minecraft:killed_by":{"minecraft:iron_golem":1},"minecraft:killed":{"minecraft:pig":1,"minecraft:salmon":16,"minecraft:spider":1,"minecraft:iron_golem":1,"minecraft:creeper":1,"minecraft:sheep":2,"minecraft:zombie":3,"minecraft:chicken":1,"minecraft:enderman":1,"minecraft:cow":10},"minecraft:custom":{"minecraft:interact_with_furnace":3,"minecraft:mob_kills":39,"minecraft:interact_with_crafting_table":5,"minecraft:leave_game":1,"minecraft:time_since_death":9539,"minecraft:sleep_in_bed":5,"minecraft:time_since_rest":2280,"minecraft:sprint_one_cm":120280,"minecraft:damage_taken":891,"minecraft:walk_one_cm":132738,"minecraft:drop":3,"minecraft:damage_dealt":4200,"minecraft:talked_to_villager":5,"minecraft:swim_one_cm":43605,"minecraft:fly_one_cm":195183,"minecraft:open_chest":18,"minecraft:crouch_one_cm":5662,"minecraft:play_time":52399,"minecraft:deaths":1,"minecraft:sneak_time":2127,"minecraft:walk_under_water_one_cm":18399,"minecraft:jump":908,"minecraft:interact_with_blast_furnace":1,"minecraft:walk_on_water_one_cm":22481,"minecraft:interact_with_smoker":1,"minecraft:total_world_time":52399,"minecraft:fall_one_cm":24012},"minecraft:picked_up":{"minecraft:feather":2,"minecraft:chicken":1,"minecraft:salmon":15,"minecraft:brown_wool":1,"minecraft:leather":10,"minecraft:oak_log":5,"minecraft:yellow_bed":2,"minecraft:gunpowder":2,"minecraft:string":1,"minecraft:dirt":25,"minecraft:apple":1,"minecraft:wheat_seeds":3,"minecraft:beef":21,"minecraft:iron_ingot":6,"minecraft:poppy":1,"minecraft:oak_planks":9,"minecraft:stick":2,"minecraft:cooked_porkchop":3,"minecraft:pumpkin":4,"minecraft:oak_fence":1,"minecraft:porkchop":2,"minecraft:grass_block":1,"minecraft:stone_sword":1,"minecraft:rotten_flesh":6,"minecraft:yellow_carpet":1,"minecraft:stone_axe":2,"minecraft:peony":6,"minecraft:gray_wool":1,"minecraft:black_wool":1,"minecraft:mutton":3,"minecraft:cobblestone":17,"minecraft:ender_pearl":1},"minecraft:crafted":{"minecraft:cooked_beef":3,"minecraft:oak_planks":20,"minecraft:cooked_porkchop":6,"minecraft:air":0,"minecraft:shield":1,"minecraft:iron_axe":1,"minecraft:stick":4,"minecraft:stone_pickaxe":1}},"DataVersion":3465}