{"stats":{"minecraft:broken":{"minecraft:stone_pickaxe":1,"minecraft:stone_axe":1},"minecraft:dropped":{"minecraft:iron_ingot":1,"minecraft:cobblestone":1,"minecraft:stone_axe":1,"minecraft:azure_bluet":1,"minecraft:salmon":8,"minecraft:oak_sapling":1,"minecraft:wooden_pickaxe":1},"minecraft:mined":{"minecraft:white_bed":2,"minecraft:granite":1,"minecraft:grass_block":10,"minecraft:yellow_carpet":1,"minecraft:oak_pressure_plate":1,"minecraft:oxeye_daisy":1,"minecraft:tall_seagrass":1,"minecraft:carrots":12,"minecraft:iron_ore":11,"minecraft:pumpkin":4,"minecraft:peony":6,"minecraft:azure_bluet":1,"minecraft:potatoes":1,"minecraft:stone":98,"minecraft:red_bed":1,"minecraft:dandelion":1,"minecraft:oak_fence":1,"minecraft:poppy":3,"minecraft:tall_grass":9,"minecraft:cobblestone":22,"minecraft:oak_planks":10,"minecraft:diorite":6,"minecraft:gray_wool":1,"minecraft:wheat":7,"minecraft:white_carpet":1,"minecraft:yellow_bed":2,"minecraft:grass":28,"minecraft:oak_log":15,"minecraft:beetroots":4,"minecraft:dirt":25,"minecraft:oak_leaves":6},"minecraft:used":{"minecraft:oak_fence":1,"minecraft:stone_sword":90,"minecraft:stone_shovel":5,"minecraft:poppy":2,"minecraft:cooked_chicken":1,"minecraft:dirt":21,"minecraft:mutton":3,"minecraft:carrot":5,"minecraft:granite":1,"minecraft:iron_axe":104,"minecraft:beef":4,"minecraft:beetroot_seeds":4,"minecraft:cooked_beef":4,"minecraft:potato":4,"minecraft:wheat_seeds":10,"minecraft:diorite":6,"minecraft:stone_pickaxe":134,"minecraft:oak_planks":9,"minecraft:ender_pearl":1,"minecraft:wooden_pickaxe":7,"minecraft:red_bed":1,"minecraft:white_bed":1,"minecraft:cornflower":1,"minecraft:apple":1,"minecraft:iron_pickaxe":7,"minecraft:stone_axe":53,"minecraft:pink_bed":1,"minecraft:cobblestone":60,"minecraft:porkchop":1,"minecraft:cooked_porkchop":4,"minecraft:yellow_bed":2,"minecraft:dandelion":1,"minecraft:gray_wool":1},"minecraft:killed_by":{"minecraft:iron_golem":1},"minecraft:killed":{"minecraft:spider":1,"minecraft:chicken":1,"minecraft:pig":1,"minecraft:salmon":28,"minecraft:iron_golem":3,"minecraft:creeper":1,"minecraft:sheep":2,"minecraft:zombie":3,"minecraft:glow_squid":1,"minecraft:enderman":1,"minecraft:cow":10},"minecraft:custom":{"minecraft:mob_kills":54,"minecraft:interact_with_crafting_table":17,"minecraft:bell_ring":6,"minecraft:leave_game":2,"minecraft:time_since_death":47813,"minecraft:sprint_one_cm":177095,"minecraft:walk_one_cm":214889,"minecraft:drop":7,"minecraft:talked_to_villager":10,"minecraft:play_time":90673,"minecraft:deaths":1,"minecraft:sneak_time":6758,"minecraft:walk_under_water_one_cm":31516,"minecraft:jump":1402,"minecraft:interact_with_blast_furnace":1,"minecraft:walk_on_water_one_cm":27448,"minecraft:total_world_time":90673,"minecraft:interact_with_furnace":29,"minecraft:sleep_in_bed":11,"minecraft:time_since_rest":7229,"minecraft:damage_taken":996,"minecraft:damage_dealt":6760,"minecraft:swim_one_cm":63114,"minecraft:fly_one_cm":286676,"minecraft:open_chest":49,"minecraft:crouch_one_cm":22453,"minecraft:interact_with_smoker":47,"minecraft:fall_one_cm":36351},"minecraft:picked_up":{"minecraft:wheat":2,"minecraft:azure_bluet":1,"minecraft:chicken":2,"minecraft:shield":1,"minecraft:string":2,"minecraft:red_bed":1,"minecraft:iron_axe":1,"minecraft:white_carpet":1,"minecraft:beef":21,"minecraft:poppy":5,"minecraft:iron_pickaxe":1,"minecraft:sugar_cane":3,"minecraft:stick":10,"minecraft:raw_iron":11,"minecraft:oak_fence":1,"minecraft:porkchop":2,"minecraft:diorite":6,"minecraft:carrot":17,"minecraft:stone_sword":1,"minecraft:arrow":1,"minecraft:rotten_flesh":7,"minecraft:stone_shovel":1,"minecraft:beetroot_seeds":4,"minecraft:peony":6,"minecraft:mutton":3,"minecraft:cobblestone":120,"minecraft:oxeye_daisy":1,"minecraft:feather":2,"minecraft:cooked_beef":4,"minecraft:glow_ink_sac":3,"minecraft:water_bucket":1,"minecraft:salmon":27,"minecraft:brown_wool":1,"minecraft:leather":10,"minecraft:potato":4,"minecraft:filled_map":1,"minecraft:oak_log":15,"minecraft:yellow_bed":2,"minecraft:gunpowder":2,"minecraft:dirt":40,"minecraft:leather_boots":1,"minecraft:apple":1,"minecraft:wheat_seeds":13,"minecraft:iron_ingot":19,"minecraft:oak_planks":10,"minecraft:pumpkin":4,"minecraft:cooked_porkchop":3,"minecraft:dandelion":1,"minecraft:oak_pressure_plate":1,"minecraft:white_bed":2,"minecraft:grass_block":1,"minecraft:yellow_carpet":1,"minecraft:stone_axe":2,"minecraft:granite":1,"minecraft:gray_wool":1,"minecraft:bread":41,"minecraft:oak_sapling":1,"minecraft:black_wool":1,"minecraft:coal":1,"minecraft:ender_pearl":1},"minecraft:crafted":{"minecraft:oak_planks":44,"minecraft:leather_boots":2,"minecraft:pink_bed":1,"minecraft:cooked_chicken":2,"minecraft:pink_dye":2,"minecraft:cooked_mutton":14,"minecraft:iron_axe":1,"minecraft:stone_pickaxe":1,"minecraft:cooked_beef":11,"minecraft:red_dye":2,"minecraft:cooked_porkchop":6,"minecraft:red_bed":1,"minecraft:air":0,"minecraft:iron_chestplate":1,"minecraft:shield":1,"minecraft:white_dye":1,"minecraft:stick":8,"minecraft:iron_ingot":5,"minecraft:iron_pickaxe":1,"minecraft:light_gray_dye":1}},"DataVersion":3465}