{"stats":{"minecraft:dropped":{"minecraft:stone_axe":1},"minecraft:used":{"minecraft:apple":1,"minecraft:ender_pearl":1,"minecraft:stone_axe":29,"minecraft:mutton":3,"minecraft:beef":4,"minecraft:cooked_beef":1},"minecraft:mined":{"minecraft:tall_seagrass":1,"minecraft:peony":6,"minecraft:grass":4,"minecraft:oak_leaves":2},"minecraft:killed":{"minecraft:sheep":2,"minecraft:zombie":2,"minecraft:pig":1,"minecraft:spider":1,"minecraft:creeper":1,"minecraft:enderman":1,"minecraft:cow":5},"minecraft:custom":{"minecraft:time_since_rest":0,"minecraft:sprint_one_cm":33883,"minecraft:interact_with_furnace":3,"minecraft:damage_taken":285,"minecraft:walk_one_cm":42133,"minecraft:mob_kills":13,"minecraft:drop":1,"minecraft:damage_dealt":1630,"minecraft:swim_one_cm":13190,"minecraft:fly_one_cm":62727,"minecraft:open_chest":2,"minecraft:crouch_one_cm":475,"minecraft:play_time":18000,"minecraft:sneak_time":176,"minecraft:walk_under_water_one_cm":6142,"minecraft:jump":320,"minecraft:walk_on_water_one_cm":9911,"minecraft:time_since_death":18000,"minecraft:sleep_in_bed":2,"minecraft:total_world_time":18000,"minecraft:fall_one_cm":8476},"minecraft:picked_up":{"minecraft:stick":2,"minecraft:cooked_porkchop":3,"minecraft:leather":4,"minecraft:brown_wool":1,"minecraft:porkchop":2,"minecraft:grass_block":1,"minecraft:gunpowder":2,"minecraft:stone_sword":1,"minecraft:rotten_flesh":2,"minecraft:apple":1,"minecraft:stone_axe":2,"minecraft:peony":6,"minecraft:beef":9,"minecraft:black_wool":1,"minecraft:mutton":3,"minecraft:ender_pearl":1},"minecraft:crafted":{"minecraft:cooked_beef":1,"minecraft:air":0}},"DataVersion":3465}