{"stats":{"minecraft:dropped":{"minecraft:stone_axe":1},"minecraft:mined":{"minecraft:tall_seagrass":1,"minecraft:oak_fence":1,"minecraft:yellow_bed":2,"minecraft:peony":6,"minecraft:grass":11,"minecraft:oak_log":5,"minecraft:yellow_carpet":1,"minecraft:oak_leaves":2},"minecraft:used":{"minecraft:oak_fence":1,"minecraft:apple":1,"minecraft:stone_sword":28,"minecraft:ender_pearl":1,"minecraft:stone_axe":45,"minecraft:mutton":3,"minecraft:beef":4,"minecraft:cooked_porkchop":1,"minecraft:yellow_bed":2,"minecraft:cooked_beef":1},"minecraft:killed":{"minecraft:sheep":2,"minecraft:zombie":2,"minecraft:pig":1,"minecraft:chicken":1,"minecraft:salmon":7,"minecraft:spider":1,"minecraft:creeper":1,"minecraft:enderman":1,"minecraft:cow":8},"minecraft:custom":{"minecraft:time_since_rest":10655,"minecraft:sprint_one_cm":60382,"minecraft:interact_with_furnace":3,"minecraft:damage_taken":390,"minecraft:walk_one_cm":71350,"minecraft:mob_kills":24,"minecraft:drop":1,"minecraft:damage_dealt":2313,"minecraft:talked_to_villager":1,"minecraft:interact_with_crafting_table":1,"minecraft:swim_one_cm":26625,"minecraft:fly_one_cm":106244,"minecraft:open_chest":4,"minecraft:crouch_one_cm":5363,"minecraft:play_time":30000,"minecraft:sneak_time":1810,"minecraft:walk_under_water_one_cm":9863,"minecraft:jump":543,"minecraft:interact_with_blast_furnace":1,"minecraft:walk_on_water_one_cm":16240,"minecraft:time_since_death":30000,"minecraft:sleep_in_bed":4,"minecraft:total_world_time":30000,"minecraft:fall_one_cm":13968},"minecraft:picked_up":{"minecraft:stick":2,"minecraft:feather":2,"minecraft:chicken":1,"minecraft:cooked_porkchop":3,"minecraft:salmon":6,"minecraft:oak_fence":1,"minecraft:leather":6,"minecraft:brown_wool":1,"minecraft:porkchop":2,"minecraft:oak_log":5,"minecraft:yellow_bed":2,"minecraft:grass_block":1,"minecraft:gunpowder":2,"minecraft:string":1,"minecraft:stone_sword":1,"minecraft:yellow_carpet":1,"minecraft:rotten_flesh":3,"minecraft:apple":1,"minecraft:stone_axe":2,"minecraft:wheat_seeds":1,"minecraft:peony":6,"minecraft:beef":16,"minecraft:black_wool":1,"minecraft:mutton":3,"minecraft:ender_pearl":1},"minecraft:crafted":{"minecraft:cooked_beef":1,"minecraft:oak_planks":20,"minecraft:air":0}},"DataVersion":3465}