{"stats":{"minecraft:dropped":{"minecraft:stone_axe":1},"minecraft:used":{"minecraft:stone_axe":4},"minecraft:mined":{"minecraft:grass":1,"minecraft:oak_leaves":2,"minecraft:peony":6},"minecraft:killed":{"minecraft:cow":1,"minecraft:enderman":1},"minecraft:custom":{"minecraft:time_since_rest":6000,"minecraft:crouch_one_cm":69,"minecraft:play_time":6000,"minecraft:sprint_one_cm":10991,"minecraft:walk_one_cm":9607,"minecraft:damage_taken":105,"minecraft:sneak_time":27,"minecraft:mob_kills":2,"minecraft:drop":1,"minecraft:jump":114,"minecraft:damage_dealt":500,"minecraft:time_since_death":6000,"minecraft:walk_on_water_one_cm":657,"minecraft:total_world_time":6000,"minecraft:fly_one_cm":19826,"minecraft:fall_one_cm":2473},"minecraft:picked_up":{"minecraft:stick":2,"minecraft:leather":2,"minecraft:stone_axe":1,"minecraft:peony":6,"minecraft:beef":2,"minecraft:grass_block":1,"minecraft:ender_pearl":1}},"DataVersion":3465}