{"stats":{"minecraft:broken":{"minecraft:stone_axe":1},"minecraft:dropped":{"minecraft:iron_ingot":1,"minecraft:stone_axe":1},"minecraft:mined":{"minecraft:oak_fence":1,"minecraft:grass_block":3,"minecraft:yellow_carpet":1,"minecraft:tall_grass":7,"minecraft:oak_planks":9,"minecraft:tall_seagrass":1,"minecraft:yellow_bed":2,"minecraft:peony":6,"minecraft:grass":19,"minecraft:oak_log":5,"minecraft:dirt":6,"minecraft:stone":5,"minecraft:oak_leaves":2},"minecraft:used":{"minecraft:oak_fence":1,"minecraft:stone_sword":86,"minecraft:oak_planks":9,"minecraft:ender_pearl":1,"minecraft:wooden_pickaxe":5,"minecraft:mutton":3,"minecraft:apple":1,"minecraft:stone_axe":53,"minecraft:beef":4,"minecraft:cooked_porkchop":3,"minecraft:yellow_bed":2,"minecraft:cooked_beef":1},"minecraft:killed":{"minecraft:pig":1,"minecraft:salmon":16,"minecraft:spider":1,"minecraft:iron_golem":1,"minecraft:creeper":1,"minecraft:sheep":2,"minecraft:zombie":2,"minecraft:chicken":1,"minecraft:enderman":1,"minecraft:cow":10},"minecraft:custom":{"minecraft:interact_with_furnace":3,"minecraft:mob_kills":36,"minecraft:interact_with_crafting_table":3,"minecraft:leave_game":1,"minecraft:time_since_death":40399,"minecraft:sleep_in_bed":4,"minecraft:time_since_rest":21054,"minecraft:sprint_one_cm":83615,"minecraft:damage_taken":390,"minecraft:walk_one_cm":90912,"minecraft:drop":2,"minecraft:damage_dealt":3780,"minecraft:talked_to_villager":5,"minecraft:swim_one_cm":40579,"minecraft:fly_one_cm":143748,"minecraft:open_chest":6,"minecraft:crouch_one_cm":5662,"minecraft:play_time":40399,"minecraft:sneak_time":2116,"minecraft:walk_under_water_one_cm":17936,"minecraft:jump":682,"minecraft:interact_with_blast_furnace":1,"minecraft:walk_on_water_one_cm":20885,"minecraft:total_world_time":40399,"minecraft:fall_one_cm":18173},"minecraft:picked_up":{"minecraft:feather":2,"minecraft:chicken":1,"minecraft:salmon":15,"minecraft:brown_wool":1,"minecraft:leather":10,"minecraft:oak_log":5,"minecraft:yellow_bed":2,"minecraft:gunpowder":2,"minecraft:string":1,"minecraft:dirt":9,"minecraft:apple":1,"minecraft:wheat_seeds":2,"minecraft:beef":21,"minecraft:iron_ingot":6,"minecraft:oak_planks":9,"minecraft:stick":2,"minecraft:cooked_porkchop":3,"minecraft:oak_fence":1,"minecraft:porkchop":2,"minecraft:grass_block":1,"minecraft:stone_sword":1,"minecraft:rotten_flesh":4,"minecraft:yellow_carpet":1,"minecraft:stone_axe":2,"minecraft:peony":6,"minecraft:black_wool":1,"minecraft:mutton":3,"minecraft:cobblestone":5,"minecraft:ender_pearl":1},"minecraft:crafted":{"minecraft:cooked_beef":1,"minecraft:oak_planks":20,"minecraft:air":0,"minecraft:shield":1,"minecraft:iron_axe":1,"minecraft:stick":4}},"DataVersion":3465}