{"stats":{"minecraft:broken":{"minecraft:stone_axe":1},"minecraft:dropped":{"minecraft:iron_ingot":1,"minecraft:stone_axe":1,"minecraft:wooden_pickaxe":1},"minecraft:mined":{"minecraft:oak_fence":1,"minecraft:granite":1,"minecraft:grass_block":8,"minecraft:poppy":1,"minecraft:yellow_carpet":1,"minecraft:tall_grass":7,"minecraft:oak_planks":9,"minecraft:diorite":6,"minecraft:gray_wool":1,"minecraft:tall_seagrass":1,"minecraft:carrots":12,"minecraft:iron_ore":11,"minecraft:wheat":7,"minecraft:pumpkin":4,"minecraft:yellow_bed":2,"minecraft:peony":6,"minecraft:grass":21,"minecraft:potatoes":1,"minecraft:beetroots":4,"minecraft:oak_log":5,"minecraft:dirt":22,"minecraft:stone":98,"minecraft:oak_leaves":3},"minecraft:used":{"minecraft:wheat_seeds":10,"minecraft:oak_fence":1,"minecraft:diorite":6,"minecraft:stone_sword":90,"minecraft:stone_shovel":5,"minecraft:stone_pickaxe":119,"minecraft:oak_planks":9,"minecraft:ender_pearl":1,"minecraft:wooden_pickaxe":7,"minecraft:dirt":18,"minecraft:mutton":3,"minecraft:carrot":5,"minecraft:apple":1,"minecraft:iron_axe":10,"minecraft:stone_axe":53,"minecraft:cobblestone":26,"minecraft:beef":4,"minecraft:porkchop":1,"minecraft:cooked_porkchop":4,"minecraft:beetroot_seeds":4,"minecraft:yellow_bed":2,"minecraft:potato":4,"minecraft:cooked_beef":3,"minecraft:gray_wool":1},"minecraft:killed_by":{"minecraft:iron_golem":1},"minecraft:killed":{"minecraft:pig":1,"minecraft:salmon":17,"minecraft:spider":1,"minecraft:iron_golem":1,"minecraft:creeper":1,"minecraft:sheep":2,"minecraft:zombie":3,"minecraft:chicken":1,"minecraft:glow_squid":1,"minecraft:enderman":1,"minecraft:cow":10},"minecraft:custom":{"minecraft:interact_with_furnace":11,"minecraft:mob_kills":41,"minecraft:interact_with_crafting_table":7,"minecraft:bell_ring":6,"minecraft:leave_game":1,"minecraft:time_since_death":21539,"minecraft:sleep_in_bed":7,"minecraft:time_since_rest":19,"minecraft:sprint_one_cm":138791,"minecraft:damage_taken":956,"minecraft:walk_one_cm":165155,"minecraft:drop":3,"minecraft:damage_dealt":4330,"minecraft:talked_to_villager":5,"minecraft:swim_one_cm":50444,"minecraft:fly_one_cm":218138,"minecraft:open_chest":35,"minecraft:crouch_one_cm":5884,"minecraft:play_time":64399,"minecraft:deaths":1,"minecraft:sneak_time":2389,"minecraft:walk_under_water_one_cm":21249,"minecraft:jump":1081,"minecraft:interact_with_blast_furnace":1,"minecraft:walk_on_water_one_cm":24426,"minecraft:interact_with_smoker":8,"minecraft:total_world_time":64399,"minecraft:fall_one_cm":27451},"minecraft:picked_up":{"minecraft:wheat":2,"minecraft:feather":2,"minecraft:chicken":1,"minecraft:glow_ink_sac":3,"minecraft:water_bucket":1,"minecraft:salmon":16,"minecraft:brown_wool":1,"minecraft:leather":10,"minecraft:potato":4,"minecraft:filled_map":1,"minecraft:oak_log":5,"minecraft:yellow_bed":2,"minecraft:shield":1,"minecraft:gunpowder":2,"minecraft:string":2,"minecraft:dirt":37,"minecraft:iron_axe":1,"minecraft:leather_boots":1,"minecraft:apple":1,"minecraft:wheat_seeds":13,"minecraft:beef":21,"minecraft:iron_ingot":10,"minecraft:poppy":1,"minecraft:iron_pickaxe":1,"minecraft:sugar_cane":3,"minecraft:oak_planks":9,"minecraft:raw_iron":11,"minecraft:stick":10,"minecraft:cooked_porkchop":3,"minecraft:pumpkin":4,"minecraft:oak_fence":1,"minecraft:porkchop":2,"minecraft:carrot":17,"minecraft:diorite":6,"minecraft:grass_block":1,"minecraft:stone_shovel":1,"minecraft:stone_sword":1,"minecraft:arrow":1,"minecraft:rotten_flesh":7,"minecraft:yellow_carpet":1,"minecraft:beetroot_seeds":4,"minecraft:stone_axe":2,"minecraft:peony":6,"minecraft:granite":1,"minecraft:gray_wool":1,"minecraft:bread":41,"minecraft:black_wool":1,"minecraft:mutton":3,"minecraft:cobblestone":98,"minecraft:ender_pearl":1},"minecraft:crafted":{"minecraft:cooked_beef":8,"minecraft:oak_planks":20,"minecraft:cooked_porkchop":6,"minecraft:air":0,"minecraft:shield":1,"minecraft:iron_axe":1,"minecraft:stick":4,"minecraft:stone_pickaxe":1}},"DataVersion":3465}