{"stats":{"minecraft:dropped":{"minecraft:filled_map":1,"minecraft:bread":28,"minecraft:wheat_seeds":3,"minecraft:white_bed":1},"minecraft:used":{"minecraft:bread":1,"minecraft:map":1,"minecraft:white_bed":3,"minecraft:cooked_beef":2},"minecraft:mined":{"minecraft:hay_block":17,"minecraft:white_bed":3,"minecraft:glass_pane":1,"minecraft:white_carpet":2,"minecraft:crafting_table":1,"minecraft:grass":12,"minecraft:oak_log":4,"minecraft:yellow_carpet":3,"minecraft:sugar_cane":2,"minecraft:oxeye_daisy":1},"minecraft:custom":{"minecraft:time_since_rest":1205,"minecraft:sprint_one_cm":38554,"minecraft:damage_taken":200,"minecraft:walk_one_cm":36150,"minecraft:drop":6,"minecraft:interact_with_crafting_table":2,"minecraft:swim_one_cm":6440,"minecraft:interact_with_cartography_table":1,"minecraft:fly_one_cm":97542,"minecraft:open_chest":4,"minecraft:crouch_one_cm":124,"minecraft:play_time":18000,"minecraft:sneak_time":43,"minecraft:walk_under_water_one_cm":689,"minecraft:jump":347,"minecraft:walk_on_water_one_cm":933,"minecraft:time_since_death":18000,"minecraft:total_world_time":18000,"minecraft:sleep_in_bed":4,"minecraft:climb_one_cm":1020,"minecraft:fall_one_cm":8786},"minecraft:picked_up":{"minecraft:crafting_table":1,"minecraft:cooked_beef":4,"minecraft:oak_log":8,"minecraft:white_bed":4,"minecraft:white_carpet":2,"minecraft:rotten_flesh":3,"minecraft:yellow_carpet":2,"minecraft:wheat_seeds":3,"minecraft:hay_block":18,"minecraft:sugar_cane":6,"minecraft:oxeye_daisy":1},"minecraft:crafted":{"minecraft:oak_planks":32,"minecraft:stick":4,"minecraft:bread":54,"minecraft:wheat":162}},"DataVersion":3465}