{"stats":{"minecraft:dropped":{"kimetsunoyaiba:nichirinsword_water":2,"minecraft:spruce_planks":3,"minecraft:wooden_axe":1},"minecraft:mined":{"minecraft:grass":3,"minecraft:spruce_planks":6,"minecraft:spruce_log":11},"minecraft:killed_by":{"kimetsunoyaiba:demon":2},"minecraft:custom":{"minecraft:time_since_rest":5516,"minecraft:play_one_minute":22038,"minecraft:crouch_one_cm":6880,"minecraft:sprint_one_cm":3615,"minecraft:damage_taken":1563,"minecraft:walk_one_cm":33680,"minecraft:deaths":7,"minecraft:sneak_time":3487,"minecraft:mob_kills":1,"minecraft:drop":6,"minecraft:damage_dealt_resisted":31,"minecraft:jump":105,"minecraft:damage_dealt":301,"minecraft:leave_game":4,"minecraft:time_since_death":5481,"minecraft:damage_resisted":65,"minecraft:interact_with_crafting_table":2,"minecraft:fall_one_cm":6785,"minecraft:fly_one_cm":6151},"minecraft:used":{"minecraft:wooden_axe":15,"minecraft:crafting_table":1,"minecraft:bread":2,"minecraft:spruce_planks":9},"minecraft:crafted":{"minecraft:crafting_table":1,"minecraft:stick":4,"minecraft:spruce_planks":44,"minecraft:wooden_axe":2},"minecraft:picked_up":{"minecraft:spruce_planks":11,"kimetsunoyaiba:nichirinsword_water":1,"kimetsunoyaiba:nichirinsword":2,"minecraft:spruce_log":11}},"DataVersion":2586}