{"stats":{"minecraft:mined":{"minecraft:white_bed":8,"minecraft:lever":6,"minecraft:grass_block":41,"minecraft:yellow_carpet":3,"minecraft:cartography_table":1,"minecraft:oxeye_daisy":1,"minecraft:hay_block":22,"minecraft:tall_seagrass":1,"minecraft:oak_trapdoor":5,"minecraft:bell":2,"minecraft:stone":8,"minecraft:oak_slab":1,"minecraft:glass_pane":1,"minecraft:red_bed":1,"minecraft:cornflower":1,"minecraft:crafting_table":1,"minecraft:poppy":2,"minecraft:cobblestone":11,"minecraft:tall_grass":14,"minecraft:oak_planks":30,"minecraft:sugar_cane":3,"minecraft:diorite":3,"minecraft:white_carpet":3,"minecraft:yellow_bed":1,"minecraft:grass":71,"minecraft:oak_log":28,"minecraft:sand":19,"minecraft:dirt":27,"minecraft:oak_leaves":5},"minecraft:custom":{"minecraft:mob_kills":14,"minecraft:interact_with_crafting_table":18,"minecraft:bell_ring":7,"minecraft:leave_game":3,"minecraft:time_since_death":1790,"minecraft:climb_one_cm":3286,"minecraft:sprint_one_cm":213556,"minecraft:walk_one_cm":272649,"minecraft:damage_blocked_by_shield":105,"minecraft:drop":72,"minecraft:talked_to_villager":11,"minecraft:play_time":118097,"minecraft:deaths":3,"minecraft:sneak_time":2186,"minecraft:walk_under_water_one_cm":12128,"minecraft:boat_one_cm":214522,"minecraft:jump":1894,"minecraft:interact_with_brewingstand":1,"minecraft:walk_on_water_one_cm":16546,"minecraft:total_world_time":118097,"minecraft:interact_with_cartography_table":2,"minecraft:sleep_in_bed":12,"minecraft:time_since_rest":1835,"minecraft:damage_taken":1239,"minecraft:damage_dealt":4568,"minecraft:swim_one_cm":24847,"minecraft:fly_one_cm":498801,"minecraft:open_chest":61,"minecraft:crouch_one_cm":1640,"minecraft:interact_with_smoker":1,"minecraft:fall_one_cm":56956,"minecraft:horse_one_cm":4642},"minecraft:dropped":{"minecraft:iron_ingot":2,"minecraft:bread":28,"minecraft:wheat_seeds":6,"minecraft:oak_log":57,"minecraft:oak_fence":1,"minecraft:dirt":14,"minecraft:cornflower":1,"minecraft:sand":1,"minecraft:bone":1,"minecraft:stone_axe":1,"minecraft:raw_copper":45,"minecraft:stone_shovel":2,"minecraft:rotten_flesh":15,"minecraft:white_bed":1,"minecraft:filled_map":1,"minecraft:poppy":1,"minecraft:oak_sapling":2,"minecraft:arrow":3,"minecraft:wooden_pickaxe":1},"minecraft:killed":{"minecraft:pig":6,"minecraft:salmon":3,"minecraft:iron_golem":3,"minecraft:zombie":1,"minecraft:cow":1},"minecraft:crafted":{"minecraft:oak_planks":88,"minecraft:stone_shovel":4,"minecraft:bone_meal":9,"minecraft:iron_axe":2,"minecraft:stone_pickaxe":1,"minecraft:chest":3,"minecraft:wheat":207,"minecraft:red_dye":1,"minecraft:wooden_pickaxe":1,"minecraft:red_bed":1,"minecraft:bucket":1,"minecraft:stone_axe":2,"minecraft:bread":69,"minecraft:oak_boat":3,"minecraft:white_wool":1,"minecraft:shield":1,"minecraft:stick":28,"minecraft:leather_chestplate":1},"minecraft:picked_up":{"minecraft:wooden_axe":1,"minecraft:crafting_table":1,"minecraft:chicken":1,"minecraft:wooden_pickaxe":3,"minecraft:shield":2,"minecraft:cornflower":2,"minecraft:string":34,"minecraft:oak_trapdoor":5,"minecraft:raw_copper":133,"minecraft:iron_axe":2,"minecraft:white_carpet":3,"minecraft:cartography_table":1,"minecraft:beef":24,"minecraft:oak_boat":6,"minecraft:poppy":6,"minecraft:iron_pickaxe":2,"minecraft:light_gray_wool":1,"minecraft:sugar_cane":9,"minecraft:oak_fence":2,"minecraft:torch":2,"minecraft:porkchop":12,"minecraft:diorite":6,"minecraft:stone_sword":1,"minecraft:arrow":5,"minecraft:rotten_flesh":16,"minecraft:stone_shovel":3,"minecraft:peony":6,"minecraft:hay_block":23,"minecraft:cobblestone":24,"minecraft:white_wool":1,"minecraft:oxeye_daisy":1,"minecraft:feather":2,"minecraft:cooked_beef":4,"minecraft:tripwire_hook":2,"minecraft:salmon":12,"minecraft:leather":11,"minecraft:brown_wool":1,"minecraft:filled_map":2,"minecraft:oak_log":91,"minecraft:cobblestone_wall":4,"minecraft:gunpowder":2,"minecraft:dirt":95,"minecraft:leather_boots":1,"minecraft:bone":4,"minecraft:apple":2,"minecraft:wheat_seeds":25,"minecraft:bell":2,"minecraft:iron_ingot":18,"minecraft:stone_pickaxe":2,"minecraft:oak_planks":86,"minecraft:oak_slab":1,"minecraft:dandelion":2,"minecraft:sand":39,"minecraft:white_bed":8,"minecraft:grass_block":1,"minecraft:yellow_carpet":3,"minecraft:lever":6,"minecraft:bone_meal":1,"minecraft:gray_wool":1,"minecraft:bread":45,"minecraft:emerald":1,"minecraft:oak_sapling":4,"minecraft:black_wool":1},"minecraft:killed_by":{"minecraft:iron_golem":1,"minecraft:skeleton":2},"minecraft:broken":{"minecraft:wooden_axe":1,"minecraft:stone_shovel":1},"minecraft:used":{"minecraft:oak_trapdoor":5,"minecraft:stone_sword":7,"minecraft:stone_shovel":75,"minecraft:poppy":2,"minecraft:chest":3,"minecraft:shield":2,"minecraft:bell":2,"minecraft:torch":2,"minecraft:dirt":17,"minecraft:wooden_axe":18,"minecraft:iron_axe":78,"minecraft:tripwire_hook":2,"minecraft:oak_sapling":2,"minecraft:cooked_beef":4,"minecraft:water_bucket":21,"minecraft:diorite":3,"minecraft:stone_pickaxe":13,"minecraft:oak_planks":28,"minecraft:wooden_pickaxe":5,"minecraft:leather_chestplate":1,"minecraft:leather_boots":1,"minecraft:white_wool":2,"minecraft:red_bed":1,"minecraft:white_bed":5,"minecraft:lever":6,"minecraft:bread":11,"minecraft:string":4,"minecraft:iron_pickaxe":14,"minecraft:map":1,"minecraft:stone_axe":37,"minecraft:cobblestone":6,"minecraft:bucket":22,"minecraft:oak_boat":5,"minecraft:bone_meal":9}},"DataVersion":3465}