{"stats":{"minecraft:broken":{"minecraft:wooden_axe":1},"minecraft:dropped":{"minecraft:bread":28,"minecraft:wheat_seeds":6,"minecraft:oak_log":57,"minecraft:stone_shovel":2,"minecraft:rotten_flesh":1,"minecraft:white_bed":1,"minecraft:filled_map":1,"minecraft:cornflower":1},"minecraft:mined":{"minecraft:white_bed":3,"minecraft:glass_pane":1,"minecraft:crafting_table":1,"minecraft:cornflower":1,"minecraft:grass_block":4,"minecraft:poppy":1,"minecraft:yellow_carpet":3,"minecraft:tall_grass":5,"minecraft:cobblestone":11,"minecraft:sugar_cane":2,"minecraft:cartography_table":1,"minecraft:oxeye_daisy":1,"minecraft:hay_block":22,"minecraft:tall_seagrass":1,"minecraft:white_carpet":3,"minecraft:bell":1,"minecraft:grass":37,"minecraft:oak_log":17,"minecraft:sand":18,"minecraft:dirt":5,"minecraft:stone":4,"minecraft:oak_leaves":3},"minecraft:used":{"minecraft:diorite":3,"minecraft:stone_pickaxe":13,"minecraft:stone_shovel":37,"minecraft:chest":3,"minecraft:wooden_pickaxe":5,"minecraft:bell":1,"minecraft:white_wool":2,"minecraft:dirt":5,"minecraft:white_bed":3,"minecraft:wooden_axe":18,"minecraft:bread":4,"minecraft:string":3,"minecraft:map":1,"minecraft:stone_axe":36,"minecraft:bucket":1,"minecraft:cooked_beef":4},"minecraft:killed_by":{"minecraft:skeleton":1},"minecraft:killed":{"minecraft:pig":6,"minecraft:salmon":3,"minecraft:iron_golem":1,"minecraft:cow":1},"minecraft:custom":{"minecraft:mob_kills":11,"minecraft:interact_with_cartography_table":2,"minecraft:interact_with_crafting_table":13,"minecraft:leave_game":1,"minecraft:time_since_death":15797,"minecraft:sleep_in_bed":7,"minecraft:climb_one_cm":3286,"minecraft:time_since_rest":9839,"minecraft:sprint_one_cm":120230,"minecraft:damage_taken":555,"minecraft:walk_one_cm":102815,"minecraft:drop":44,"minecraft:damage_dealt":1828,"minecraft:swim_one_cm":13439,"minecraft:talked_to_villager":2,"minecraft:fly_one_cm":303573,"minecraft:open_chest":25,"minecraft:crouch_one_cm":495,"minecraft:play_time":52819,"minecraft:deaths":1,"minecraft:sneak_time":996,"minecraft:walk_under_water_one_cm":3072,"minecraft:interact_with_brewingstand":1,"minecraft:jump":1064,"minecraft:walk_on_water_one_cm":9037,"minecraft:total_world_time":52819,"minecraft:fall_one_cm":31579},"minecraft:picked_up":{"minecraft:wooden_axe":1,"minecraft:crafting_table":1,"minecraft:cooked_beef":4,"minecraft:salmon":3,"minecraft:leather":1,"minecraft:wooden_pickaxe":1,"minecraft:filled_map":1,"minecraft:oak_log":68,"minecraft:cobblestone_wall":4,"minecraft:string":14,"minecraft:cornflower":2,"minecraft:dirt":9,"minecraft:raw_copper":44,"minecraft:leather_boots":1,"minecraft:white_carpet":3,"minecraft:wheat_seeds":17,"minecraft:cartography_table":1,"minecraft:bell":1,"minecraft:iron_ingot":4,"minecraft:stone_pickaxe":1,"minecraft:beef":8,"minecraft:oak_boat":1,"minecraft:light_gray_wool":1,"minecraft:iron_pickaxe":1,"minecraft:poppy":1,"minecraft:sugar_cane":6,"minecraft:porkchop":10,"minecraft:sand":36,"minecraft:diorite":3,"minecraft:white_bed":5,"minecraft:stone_shovel":2,"minecraft:rotten_flesh":7,"minecraft:yellow_carpet":2,"minecraft:hay_block":23,"minecraft:bone_meal":1,"minecraft:gray_wool":1,"minecraft:emerald":1,"minecraft:bread":45,"minecraft:white_wool":1,"minecraft:cobblestone":15,"minecraft:oxeye_daisy":1},"minecraft:crafted":{"minecraft:red_dye":1,"minecraft:oak_planks":44,"minecraft:stone_shovel":4,"minecraft:wooden_pickaxe":1,"minecraft:bucket":1,"minecraft:stone_axe":2,"minecraft:bread":69,"minecraft:white_wool":1,"minecraft:shield":1,"minecraft:stick":16,"minecraft:stone_pickaxe":1,"minecraft:chest":3,"minecraft:wheat":207}},"DataVersion":3465}