{"stats":{"minecraft:dropped":{"minecraft:bread":28,"minecraft:wheat_seeds":5,"minecraft:oak_log":10,"minecraft:stone_shovel":2,"minecraft:rotten_flesh":1,"minecraft:white_bed":1,"minecraft:filled_map":1,"minecraft:cornflower":1},"minecraft:used":{"minecraft:stone_pickaxe":13,"minecraft:stone_shovel":34,"minecraft:chest":3,"minecraft:wooden_pickaxe":5,"minecraft:bell":1,"minecraft:white_wool":2,"minecraft:dirt":5,"minecraft:white_bed":3,"minecraft:bread":2,"minecraft:string":1,"minecraft:map":1,"minecraft:stone_axe":31,"minecraft:cooked_beef":4},"minecraft:mined":{"minecraft:white_bed":3,"minecraft:glass_pane":1,"minecraft:crafting_table":1,"minecraft:cornflower":1,"minecraft:grass_block":4,"minecraft:poppy":1,"minecraft:yellow_carpet":3,"minecraft:tall_grass":5,"minecraft:cobblestone":11,"minecraft:sugar_cane":2,"minecraft:cartography_table":1,"minecraft:oxeye_daisy":1,"minecraft:hay_block":22,"minecraft:tall_seagrass":1,"minecraft:white_carpet":3,"minecraft:bell":1,"minecraft:grass":32,"minecraft:oak_log":15,"minecraft:sand":18,"minecraft:dirt":5,"minecraft:stone":4,"minecraft:oak_leaves":3},"minecraft:killed_by":{"minecraft:skeleton":1},"minecraft:killed":{"minecraft:pig":6,"minecraft:cow":1},"minecraft:custom":{"minecraft:mob_kills":7,"minecraft:interact_with_cartography_table":2,"minecraft:interact_with_crafting_table":9,"minecraft:leave_game":1,"minecraft:time_since_death":3797,"minecraft:sleep_in_bed":5,"minecraft:climb_one_cm":1906,"minecraft:time_since_rest":289,"minecraft:sprint_one_cm":95721,"minecraft:damage_taken":535,"minecraft:walk_one_cm":76711,"minecraft:drop":13,"minecraft:damage_dealt":860,"minecraft:swim_one_cm":7625,"minecraft:talked_to_villager":1,"minecraft:fly_one_cm":244122,"minecraft:open_chest":14,"minecraft:crouch_one_cm":303,"minecraft:play_time":40819,"minecraft:deaths":1,"minecraft:sneak_time":324,"minecraft:walk_under_water_one_cm":1102,"minecraft:interact_with_brewingstand":1,"minecraft:jump":847,"minecraft:walk_on_water_one_cm":6510,"minecraft:total_world_time":40819,"minecraft:fall_one_cm":26341},"minecraft:picked_up":{"minecraft:wooden_axe":1,"minecraft:crafting_table":1,"minecraft:cooked_beef":4,"minecraft:leather":1,"minecraft:wooden_pickaxe":1,"minecraft:filled_map":1,"minecraft:oak_log":66,"minecraft:cobblestone_wall":4,"minecraft:string":6,"minecraft:cornflower":2,"minecraft:dirt":9,"minecraft:raw_copper":44,"minecraft:leather_boots":1,"minecraft:white_carpet":3,"minecraft:wheat_seeds":16,"minecraft:cartography_table":1,"minecraft:bell":1,"minecraft:stone_pickaxe":1,"minecraft:beef":8,"minecraft:oak_boat":1,"minecraft:light_gray_wool":1,"minecraft:iron_pickaxe":1,"minecraft:poppy":1,"minecraft:sugar_cane":6,"minecraft:porkchop":10,"minecraft:sand":36,"minecraft:diorite":3,"minecraft:white_bed":5,"minecraft:stone_shovel":1,"minecraft:rotten_flesh":7,"minecraft:yellow_carpet":2,"minecraft:hay_block":23,"minecraft:gray_wool":1,"minecraft:emerald":1,"minecraft:bread":45,"minecraft:white_wool":1,"minecraft:cobblestone":15,"minecraft:oxeye_daisy":1},"minecraft:crafted":{"minecraft:red_dye":1,"minecraft:oak_planks":36,"minecraft:stone_shovel":4,"minecraft:wooden_pickaxe":1,"minecraft:stone_axe":1,"minecraft:bread":69,"minecraft:white_wool":1,"minecraft:stick":16,"minecraft:stone_pickaxe":1,"minecraft:chest":3,"minecraft:wheat":207}},"DataVersion":3465}