{"stats":{"minecraft:dropped":{"minecraft:filled_map":1,"minecraft:bread":28,"minecraft:wheat_seeds":5,"minecraft:stone_shovel":2,"minecraft:rotten_flesh":1,"minecraft:white_bed":1},"minecraft:used":{"minecraft:stone_shovel":33,"minecraft:bread":1,"minecraft:stone_pickaxe":13,"minecraft:map":1,"minecraft:chest":3,"minecraft:wooden_pickaxe":5,"minecraft:bell":1,"minecraft:stone_axe":16,"minecraft:dirt":5,"minecraft:cooked_beef":3,"minecraft:white_bed":3},"minecraft:mined":{"minecraft:hay_block":22,"minecraft:white_bed":3,"minecraft:glass_pane":1,"minecraft:white_carpet":3,"minecraft:crafting_table":1,"minecraft:bell":1,"minecraft:grass":29,"minecraft:grass_block":2,"minecraft:oak_log":15,"minecraft:poppy":1,"minecraft:yellow_carpet":3,"minecraft:sand":18,"minecraft:dirt":4,"minecraft:stone":4,"minecraft:tall_grass":4,"minecraft:cobblestone":11,"minecraft:cartography_table":1,"minecraft:sugar_cane":2,"minecraft:oxeye_daisy":1,"minecraft:oak_leaves":3},"minecraft:killed":{"minecraft:cow":1},"minecraft:custom":{"minecraft:time_since_rest":12024,"minecraft:sprint_one_cm":71322,"minecraft:damage_taken":220,"minecraft:walk_one_cm":58907,"minecraft:mob_kills":1,"minecraft:drop":11,"minecraft:damage_dealt":100,"minecraft:talked_to_villager":1,"minecraft:interact_with_crafting_table":7,"minecraft:swim_one_cm":6440,"minecraft:interact_with_cartography_table":2,"minecraft:fly_one_cm":174937,"minecraft:open_chest":8,"minecraft:crouch_one_cm":291,"minecraft:play_time":28819,"minecraft:sneak_time":188,"minecraft:walk_under_water_one_cm":689,"minecraft:jump":652,"minecraft:leave_game":1,"minecraft:walk_on_water_one_cm":2560,"minecraft:time_since_death":28819,"minecraft:sleep_in_bed":4,"minecraft:climb_one_cm":1020,"minecraft:total_world_time":28819,"minecraft:fall_one_cm":19479},"minecraft:picked_up":{"minecraft:crafting_table":1,"minecraft:cooked_beef":4,"minecraft:leather":1,"minecraft:sand":18,"minecraft:oak_log":19,"minecraft:white_bed":4,"minecraft:dirt":6,"minecraft:white_carpet":3,"minecraft:yellow_carpet":2,"minecraft:rotten_flesh":4,"minecraft:wheat_seeds":5,"minecraft:cartography_table":1,"minecraft:bell":1,"minecraft:hay_block":23,"minecraft:beef":1,"minecraft:poppy":1,"minecraft:sugar_cane":6,"minecraft:cobblestone":15,"minecraft:oxeye_daisy":1},"minecraft:crafted":{"minecraft:red_dye":1,"minecraft:oak_planks":36,"minecraft:stone_shovel":4,"minecraft:stick":16,"minecraft:wooden_pickaxe":1,"minecraft:stone_pickaxe":1,"minecraft:chest":3,"minecraft:stone_axe":1,"minecraft:bread":54,"minecraft:wheat":162}},"DataVersion":3465}