{"stats":{"minecraft:mined":{"minecraft:white_bed":8,"minecraft:lever":6,"minecraft:grass_block":50,"minecraft:yellow_carpet":3,"minecraft:cartography_table":1,"minecraft:oxeye_daisy":1,"minecraft:hay_block":22,"minecraft:tall_seagrass":1,"minecraft:oak_trapdoor":5,"minecraft:bell":2,"minecraft:stone":12,"minecraft:oak_slab":1,"minecraft:glass_pane":1,"minecraft:red_bed":1,"minecraft:torch":1,"minecraft:cornflower":1,"minecraft:crafting_table":1,"minecraft:poppy":2,"minecraft:cobblestone":11,"minecraft:tall_grass":19,"minecraft:oak_planks":30,"minecraft:sugar_cane":3,"minecraft:diorite":3,"minecraft:white_carpet":3,"minecraft:yellow_bed":1,"minecraft:grass":74,"minecraft:oak_log":28,"minecraft:sand":19,"minecraft:dirt":27,"minecraft:oak_leaves":5},"minecraft:custom":{"minecraft:mob_kills":17,"minecraft:inspect_hopper":2,"minecraft:interact_with_crafting_table":20,"minecraft:bell_ring":7,"minecraft:leave_game":3,"minecraft:time_since_death":13790,"minecraft:climb_one_cm":3286,"minecraft:sprint_one_cm":238610,"minecraft:walk_one_cm":303762,"minecraft:damage_blocked_by_shield":195,"minecraft:drop":78,"minecraft:talked_to_villager":11,"minecraft:play_time":130097,"minecraft:deaths":3,"minecraft:sneak_time":2983,"minecraft:walk_under_water_one_cm":12128,"minecraft:boat_one_cm":214522,"minecraft:jump":2126,"minecraft:interact_with_brewingstand":1,"minecraft:walk_on_water_one_cm":16711,"minecraft:total_world_time":130097,"minecraft:interact_with_cartography_table":2,"minecraft:sleep_in_bed":12,"minecraft:time_since_rest":13835,"minecraft:damage_taken":1351,"minecraft:damage_dealt":6653,"minecraft:swim_one_cm":24847,"minecraft:fly_one_cm":556536,"minecraft:open_chest":71,"minecraft:crouch_one_cm":3794,"minecraft:interact_with_smoker":1,"minecraft:fall_one_cm":63853,"minecraft:horse_one_cm":4642},"minecraft:dropped":{"minecraft:iron_ingot":2,"minecraft:bread":28,"minecraft:wheat_seeds":8,"minecraft:oak_log":57,"minecraft:oak_fence":1,"minecraft:dirt":100,"minecraft:cornflower":1,"minecraft:sand":1,"minecraft:bone":1,"minecraft:stone_axe":1,"minecraft:raw_copper":45,"minecraft:stone_shovel":2,"minecraft:rotten_flesh":15,"minecraft:iron_boots":1,"minecraft:white_bed":1,"minecraft:filled_map":1,"minecraft:poppy":1,"minecraft:hopper":1,"minecraft:oak_sapling":2,"minecraft:arrow":3,"minecraft:wooden_pickaxe":1},"minecraft:killed":{"minecraft:pig":6,"minecraft:salmon":3,"minecraft:iron_golem":6,"minecraft:zombie":1,"minecraft:cow":1},"minecraft:crafted":{"minecraft:oak_planks":88,"minecraft:stone_shovel":4,"minecraft:bone_meal":9,"minecraft:hopper":1,"minecraft:iron_axe":2,"minecraft:iron_hoe":1,"minecraft:stone_pickaxe":1,"minecraft:chest":4,"minecraft:wheat":207,"minecraft:red_dye":1,"minecraft:wooden_pickaxe":1,"minecraft:red_bed":1,"minecraft:bucket":2,"minecraft:stone_axe":2,"minecraft:bread":69,"minecraft:oak_boat":3,"minecraft:white_wool":1,"minecraft:shield":1,"minecraft:stick":32,"minecraft:leather_chestplate":1},"minecraft:picked_up":{"minecraft:wooden_axe":1,"minecraft:crafting_table":1,"minecraft:chicken":1,"minecraft:wooden_pickaxe":3,"minecraft:shield":3,"minecraft:cornflower":2,"minecraft:string":63,"minecraft:oak_trapdoor":5,"minecraft:raw_copper":133,"minecraft:iron_axe":2,"minecraft:white_carpet":3,"minecraft:cartography_table":1,"minecraft:beef":24,"minecraft:oak_boat":6,"minecraft:poppy":6,"minecraft:iron_pickaxe":3,"minecraft:light_gray_wool":1,"minecraft:sugar_cane":12,"minecraft:iron_boots":2,"minecraft:stick":7,"minecraft:oak_fence":2,"minecraft:torch":2,"minecraft:porkchop":12,"minecraft:diorite":6,"minecraft:stone_sword":2,"minecraft:arrow":6,"minecraft:rotten_flesh":16,"minecraft:stone_shovel":3,"minecraft:peony":6,"minecraft:hay_block":23,"minecraft:cobblestone":28,"minecraft:white_wool":1,"minecraft:oxeye_daisy":1,"minecraft:feather":4,"minecraft:cooked_beef":20,"minecraft:tripwire_hook":2,"minecraft:salmon":12,"minecraft:leather":11,"minecraft:brown_wool":1,"minecraft:filled_map":2,"minecraft:oak_log":91,"minecraft:cobblestone_wall":4,"minecraft:gunpowder":2,"minecraft:dirt":192,"minecraft:leather_boots":1,"minecraft:bone":4,"minecraft:apple":2,"minecraft:bow":1,"minecraft:wheat_seeds":28,"minecraft:bell":2,"minecraft:iron_ingot":29,"minecraft:stone_pickaxe":2,"minecraft:iron_sword":1,"minecraft:oak_planks":86,"minecraft:oak_slab":1,"minecraft:dandelion":2,"minecraft:sand":39,"minecraft:white_bed":8,"minecraft:grass_block":1,"minecraft:yellow_carpet":3,"minecraft:stone_axe":1,"minecraft:lever":6,"minecraft:iron_helmet":1,"minecraft:bone_meal":1,"minecraft:gray_wool":1,"minecraft:bread":81,"minecraft:emerald":1,"minecraft:oak_sapling":4,"minecraft:black_wool":1},"minecraft:killed_by":{"minecraft:iron_golem":1,"minecraft:skeleton":2},"minecraft:broken":{"minecraft:wooden_axe":1,"minecraft:stone_shovel":1},"minecraft:used":{"minecraft:oak_trapdoor":5,"minecraft:stone_sword":15,"minecraft:stone_shovel":75,"minecraft:poppy":2,"minecraft:chest":3,"minecraft:shield":4,"minecraft:bell":2,"minecraft:torch":2,"minecraft:dirt":21,"minecraft:wooden_axe":18,"minecraft:iron_axe":93,"minecraft:tripwire_hook":2,"minecraft:oak_sapling":2,"minecraft:cooked_beef":4,"minecraft:water_bucket":21,"minecraft:diorite":3,"minecraft:stone_pickaxe":13,"minecraft:oak_planks":28,"minecraft:wooden_pickaxe":5,"minecraft:leather_chestplate":1,"minecraft:leather_boots":1,"minecraft:white_wool":2,"minecraft:red_bed":1,"minecraft:white_bed":5,"minecraft:lever":6,"minecraft:bread":13,"minecraft:string":4,"minecraft:iron_pickaxe":18,"minecraft:map":1,"minecraft:stone_axe":37,"minecraft:cobblestone":6,"minecraft:bucket":22,"minecraft:oak_boat":5,"minecraft:bone_meal":9}},"DataVersion":3465}