{"stats":{"minecraft:mined":{"minecraft:white_bed":7,"minecraft:glass_pane":1,"minecraft:crafting_table":1,"minecraft:cornflower":1,"minecraft:grass_block":9,"minecraft:poppy":2,"minecraft:yellow_carpet":3,"minecraft:tall_grass":7,"minecraft:cobblestone":11,"minecraft:oak_planks":5,"minecraft:sugar_cane":3,"minecraft:cartography_table":1,"minecraft:oxeye_daisy":1,"minecraft:diorite":3,"minecraft:hay_block":22,"minecraft:tall_seagrass":1,"minecraft:white_carpet":3,"minecraft:yellow_bed":1,"minecraft:bell":2,"minecraft:grass":63,"minecraft:oak_log":17,"minecraft:sand":18,"minecraft:dirt":12,"minecraft:stone":4,"minecraft:oak_leaves":5},"minecraft:custom":{"minecraft:mob_kills":13,"minecraft:interact_with_crafting_table":17,"minecraft:interact_with_cartography_table":2,"minecraft:bell_ring":7,"minecraft:leave_game":2,"minecraft:sleep_in_bed":11,"minecraft:climb_one_cm":3286,"minecraft:time_since_death":8286,"minecraft:time_since_rest":8331,"minecraft:sprint_one_cm":181918,"minecraft:damage_taken":986,"minecraft:walk_one_cm":196233,"minecraft:damage_blocked_by_shield":45,"minecraft:drop":65,"minecraft:damage_dealt":3287,"minecraft:swim_one_cm":23390,"minecraft:talked_to_villager":6,"minecraft:fly_one_cm":427553,"minecraft:open_chest":49,"minecraft:crouch_one_cm":815,"minecraft:deaths":2,"minecraft:play_time":86143,"minecraft:sneak_time":1606,"minecraft:walk_under_water_one_cm":5225,"minecraft:interact_with_brewingstand":1,"minecraft:jump":1548,"minecraft:walk_on_water_one_cm":10393,"minecraft:total_world_time":86143,"minecraft:fall_one_cm":46662,"minecraft:horse_one_cm":4642},"minecraft:dropped":{"minecraft:bread":28,"minecraft:iron_ingot":2,"minecraft:stone_axe":1,"minecraft:wheat_seeds":6,"minecraft:oak_log":57,"minecraft:raw_copper":1,"minecraft:stone_shovel":2,"minecraft:rotten_flesh":13,"minecraft:white_bed":1,"minecraft:filled_map":1,"minecraft:poppy":1,"minecraft:cornflower":1,"minecraft:oak_sapling":2,"minecraft:arrow":1,"minecraft:bone":1},"minecraft:killed":{"minecraft:pig":6,"minecraft:salmon":3,"minecraft:iron_golem":2,"minecraft:zombie":1,"minecraft:cow":1},"minecraft:crafted":{"minecraft:red_dye":1,"minecraft:oak_planks":44,"minecraft:stone_shovel":4,"minecraft:wooden_pickaxe":1,"minecraft:red_bed":1,"minecraft:bone_meal":9,"minecraft:bucket":1,"minecraft:stone_axe":2,"minecraft:bread":69,"minecraft:white_wool":1,"minecraft:shield":1,"minecraft:iron_axe":2,"minecraft:stick":28,"minecraft:leather_chestplate":1,"minecraft:stone_pickaxe":1,"minecraft:chest":3,"minecraft:wheat":207},"minecraft:picked_up":{"minecraft:wooden_axe":1,"minecraft:crafting_table":1,"minecraft:feather":2,"minecraft:cooked_beef":4,"minecraft:chicken":1,"minecraft:salmon":12,"minecraft:brown_wool":1,"minecraft:leather":11,"minecraft:wooden_pickaxe":1,"minecraft:filled_map":1,"minecraft:oak_log":68,"minecraft:gunpowder":2,"minecraft:shield":1,"minecraft:cobblestone_wall":4,"minecraft:dirt":26,"minecraft:cornflower":2,"minecraft:string":19,"minecraft:raw_copper":45,"minecraft:iron_axe":1,"minecraft:leather_boots":1,"minecraft:white_carpet":3,"minecraft:bone":4,"minecraft:apple":2,"minecraft:wheat_seeds":22,"minecraft:cartography_table":1,"minecraft:bell":2,"minecraft:stone_pickaxe":2,"minecraft:iron_ingot":13,"minecraft:beef":24,"minecraft:oak_boat":1,"minecraft:light_gray_wool":1,"minecraft:iron_pickaxe":1,"minecraft:poppy":4,"minecraft:sugar_cane":9,"minecraft:oak_planks":15,"minecraft:torch":1,"minecraft:porkchop":12,"minecraft:sand":36,"minecraft:diorite":6,"minecraft:white_bed":7,"minecraft:grass_block":1,"minecraft:stone_sword":1,"minecraft:arrow":3,"minecraft:stone_shovel":2,"minecraft:rotten_flesh":14,"minecraft:yellow_carpet":3,"minecraft:peony":6,"minecraft:hay_block":23,"minecraft:bone_meal":1,"minecraft:gray_wool":1,"minecraft:emerald":1,"minecraft:bread":45,"minecraft:oak_sapling":4,"minecraft:black_wool":1,"minecraft:white_wool":1,"minecraft:cobblestone":18,"minecraft:oxeye_daisy":1},"minecraft:killed_by":{"minecraft:skeleton":1,"minecraft:iron_golem":1},"minecraft:broken":{"minecraft:wooden_axe":1},"minecraft:used":{"minecraft:water_bucket":6,"minecraft:diorite":3,"minecraft:stone_sword":7,"minecraft:stone_shovel":52,"minecraft:stone_pickaxe":13,"minecraft:poppy":2,"minecraft:oak_planks":3,"minecraft:shield":1,"minecraft:leather_chestplate":1,"minecraft:chest":3,"minecraft:wooden_pickaxe":5,"minecraft:bell":2,"minecraft:torch":1,"minecraft:white_wool":2,"minecraft:dirt":14,"minecraft:red_bed":1,"minecraft:white_bed":4,"minecraft:wooden_axe":18,"minecraft:iron_axe":17,"minecraft:bread":6,"minecraft:map":1,"minecraft:string":3,"minecraft:iron_pickaxe":4,"minecraft:stone_axe":37,"minecraft:oak_sapling":2,"minecraft:bucket":7,"minecraft:cooked_beef":4,"minecraft:bone_meal":9}},"DataVersion":3465}