{"stats":{"minecraft:dropped":{"minecraft:wheat_seeds":2},"minecraft:mined":{"minecraft:grass":8,"minecraft:oak_log":4,"minecraft:sugar_cane":2,"minecraft:crafting_table":1},"minecraft:custom":{"minecraft:jump":93,"minecraft:time_since_rest":6000,"minecraft:sprint_one_cm":8771,"minecraft:play_time":6000,"minecraft:time_since_death":6000,"minecraft:walk_one_cm":5587,"minecraft:total_world_time":6000,"minecraft:drop":2,"minecraft:fall_one_cm":1672,"minecraft:fly_one_cm":30117},"minecraft:picked_up":{"minecraft:crafting_table":1,"minecraft:oak_log":8,"minecraft:sugar_cane":6,"minecraft:wheat_seeds":2}},"DataVersion":3465}