{"stats":{"minecraft:dropped":{"minecraft:stone_axe":1,"minecraft:porkchop":1,"minecraft:wheat_seeds":4,"minecraft:mutton":2},"minecraft:mined":{"minecraft:white_bed":1,"minecraft:grass_block":16,"minecraft:tall_grass":8,"minecraft:copper_ore":13,"minecraft:cobblestone":1,"minecraft:oak_planks":5,"minecraft:diorite":3,"minecraft:gray_wool":1,"minecraft:carrots":2,"minecraft:cobblestone_wall":1,"minecraft:wheat":1,"minecraft:grass":55,"minecraft:oak_log":64,"minecraft:dirt":10,"minecraft:stone":120,"minecraft:white_wool":1,"minecraft:oak_leaves":18},"minecraft:used":{"minecraft:stone_sword":61,"minecraft:stone_pickaxe":128,"minecraft:oak_planks":97,"minecraft:wooden_pickaxe":12,"minecraft:leather_boots":1,"minecraft:white_wool":1,"minecraft:dirt":25,"minecraft:mutton":3,"minecraft:crafting_table":3,"minecraft:cobblestone_wall":81,"minecraft:white_bed":1,"minecraft:oak_log":1,"minecraft:wooden_axe":28,"minecraft:stone_axe":106,"minecraft:cobblestone":23,"minecraft:beef":2,"minecraft:oak_sapling":5,"minecraft:porkchop":3,"minecraft:egg":1,"minecraft:oak_boat":2,"minecraft:gray_wool":1},"minecraft:killed_by":{"minecraft:skeleton":1,"minecraft:zombie":1},"minecraft:killed":{"minecraft:cat":1,"minecraft:pig":3,"minecraft:iron_golem":1,"minecraft:sheep":3,"minecraft:cow":5},"minecraft:custom":{"minecraft:interact_with_furnace":7,"minecraft:mob_kills":13,"minecraft:interact_with_crafting_table":13,"minecraft:time_since_death":7187,"minecraft:sleep_in_bed":2,"minecraft:climb_one_cm":1240,"minecraft:time_since_rest":7225,"minecraft:sprint_one_cm":76210,"minecraft:damage_taken":595,"minecraft:walk_one_cm":159130,"minecraft:drop":8,"minecraft:damage_dealt":2337,"minecraft:swim_one_cm":4794,"minecraft:talked_to_villager":2,"minecraft:fly_one_cm":232151,"minecraft:open_chest":7,"minecraft:crouch_one_cm":14967,"minecraft:play_time":60000,"minecraft:deaths":2,"minecraft:sneak_time":4071,"minecraft:walk_under_water_one_cm":1425,"minecraft:boat_one_cm":24345,"minecraft:jump":871,"minecraft:walk_on_water_one_cm":4827,"minecraft:total_world_time":60000,"minecraft:fall_one_cm":22953},"minecraft:picked_up":{"minecraft:leather":5,"minecraft:wooden_pickaxe":2,"minecraft:filled_map":1,"minecraft:oak_log":64,"minecraft:cobblestone_wall":1,"minecraft:cornflower":1,"minecraft:string":1,"minecraft:dirt":33,"minecraft:raw_copper":44,"minecraft:wheat_seeds":16,"minecraft:stone_pickaxe":3,"minecraft:beef":10,"minecraft:iron_ingot":3,"minecraft:oak_boat":2,"minecraft:poppy":2,"minecraft:light_gray_wool":1,"minecraft:oak_planks":65,"minecraft:egg":1,"minecraft:stick":4,"minecraft:gravel":6,"minecraft:porkchop":14,"minecraft:sand":18,"minecraft:diorite":3,"minecraft:white_bed":1,"minecraft:carrot":2,"minecraft:stone_shovel":1,"minecraft:stone_axe":6,"minecraft:gray_wool":2,"minecraft:bread":45,"minecraft:oak_sapling":7,"minecraft:mutton":5,"minecraft:white_wool":1,"minecraft:cobblestone":121},"minecraft:crafted":{"minecraft:oak_planks":64,"minecraft:leather_boots":1,"minecraft:crafting_table":3,"minecraft:wooden_pickaxe":1,"minecraft:stone_axe":1,"minecraft:oak_boat":1,"minecraft:stick":12,"minecraft:iron_pickaxe":1,"minecraft:stone_pickaxe":1,"minecraft:wooden_axe":1,"minecraft:cobblestone_wall":84,"minecraft:stone_sword":1}},"DataVersion":3465}