{"stats":{"minecraft:dropped":{"minecraft:stone_axe":1,"minecraft:porkchop":1,"minecraft:wheat_seeds":4,"minecraft:mutton":2},"minecraft:mined":{"minecraft:white_bed":1,"minecraft:grass_block":16,"minecraft:tall_grass":7,"minecraft:copper_ore":13,"minecraft:cobblestone":1,"minecraft:oak_planks":5,"minecraft:diorite":3,"minecraft:gray_wool":1,"minecraft:cobblestone_wall":1,"minecraft:grass":46,"minecraft:oak_log":64,"minecraft:dirt":10,"minecraft:stone":120,"minecraft:white_wool":1,"minecraft:oak_leaves":18},"minecraft:used":{"minecraft:stone_sword":61,"minecraft:stone_pickaxe":128,"minecraft:oak_planks":97,"minecraft:wooden_pickaxe":12,"minecraft:leather_boots":1,"minecraft:white_wool":1,"minecraft:dirt":25,"minecraft:mutton":3,"minecraft:crafting_table":3,"minecraft:cobblestone_wall":81,"minecraft:oak_log":1,"minecraft:wooden_axe":28,"minecraft:stone_axe":90,"minecraft:cobblestone":23,"minecraft:beef":2,"minecraft:oak_sapling":5,"minecraft:porkchop":3,"minecraft:oak_boat":2,"minecraft:gray_wool":1},"minecraft:killed_by":{"minecraft:zombie":1},"minecraft:killed":{"minecraft:pig":3,"minecraft:iron_golem":1,"minecraft:sheep":3,"minecraft:cow":5},"minecraft:custom":{"minecraft:interact_with_furnace":7,"minecraft:mob_kills":12,"minecraft:interact_with_crafting_table":13,"minecraft:time_since_death":812,"minecraft:sleep_in_bed":1,"minecraft:climb_one_cm":1240,"minecraft:time_since_rest":849,"minecraft:sprint_one_cm":52867,"minecraft:damage_taken":260,"minecraft:walk_one_cm":124695,"minecraft:drop":8,"minecraft:damage_dealt":2214,"minecraft:swim_one_cm":861,"minecraft:fly_one_cm":139336,"minecraft:open_chest":1,"minecraft:crouch_one_cm":10833,"minecraft:play_time":48000,"minecraft:deaths":1,"minecraft:sneak_time":3346,"minecraft:walk_under_water_one_cm":960,"minecraft:boat_one_cm":24345,"minecraft:jump":643,"minecraft:walk_on_water_one_cm":3978,"minecraft:total_world_time":48000,"minecraft:fall_one_cm":15206},"minecraft:picked_up":{"minecraft:leather":5,"minecraft:filled_map":1,"minecraft:oak_log":64,"minecraft:cobblestone_wall":1,"minecraft:cornflower":1,"minecraft:string":1,"minecraft:dirt":33,"minecraft:raw_copper":44,"minecraft:wheat_seeds":13,"minecraft:stone_pickaxe":1,"minecraft:beef":10,"minecraft:iron_ingot":3,"minecraft:oak_boat":2,"minecraft:light_gray_wool":1,"minecraft:oak_planks":65,"minecraft:stick":4,"minecraft:porkchop":14,"minecraft:sand":18,"minecraft:diorite":3,"minecraft:white_bed":1,"minecraft:stone_shovel":1,"minecraft:stone_axe":2,"minecraft:gray_wool":2,"minecraft:bread":45,"minecraft:oak_sapling":5,"minecraft:mutton":5,"minecraft:white_wool":1,"minecraft:cobblestone":121},"minecraft:crafted":{"minecraft:oak_planks":64,"minecraft:leather_boots":1,"minecraft:crafting_table":3,"minecraft:wooden_pickaxe":1,"minecraft:stone_axe":1,"minecraft:oak_boat":1,"minecraft:stick":12,"minecraft:iron_pickaxe":1,"minecraft:stone_pickaxe":1,"minecraft:wooden_axe":1,"minecraft:cobblestone_wall":84,"minecraft:stone_sword":1}},"DataVersion":3465}