{"stats":{"minecraft:dropped":{"minecraft:porkchop":1,"minecraft:wheat_seeds":4,"minecraft:mutton":2},"minecraft:mined":{"minecraft:grass":44,"minecraft:grass_block":15,"minecraft:oak_log":12,"minecraft:dirt":10,"minecraft:copper_ore":7,"minecraft:tall_grass":7,"minecraft:cobblestone":1,"minecraft:stone":71,"minecraft:oak_planks":2,"minecraft:oak_leaves":1},"minecraft:used":{"minecraft:wooden_axe":28,"minecraft:stone_sword":58,"minecraft:stone_pickaxe":69,"minecraft:oak_planks":93,"minecraft:wooden_pickaxe":12,"minecraft:leather_boots":1,"minecraft:stone_axe":2,"minecraft:white_wool":1,"minecraft:dirt":20,"minecraft:cobblestone":23,"minecraft:mutton":2,"minecraft:crafting_table":1,"minecraft:oak_sapling":2,"minecraft:porkchop":3,"minecraft:gray_wool":1},"minecraft:killed":{"minecraft:sheep":2,"minecraft:pig":3,"minecraft:cow":5},"minecraft:custom":{"minecraft:time_since_rest":24000,"minecraft:sprint_one_cm":26445,"minecraft:interact_with_furnace":5,"minecraft:damage_taken":20,"minecraft:walk_one_cm":65879,"minecraft:mob_kills":10,"minecraft:drop":7,"minecraft:damage_dealt":1012,"minecraft:interact_with_crafting_table":8,"minecraft:fly_one_cm":66509,"minecraft:crouch_one_cm":4109,"minecraft:play_time":24000,"minecraft:sneak_time":1274,"minecraft:walk_under_water_one_cm":799,"minecraft:jump":340,"minecraft:walk_on_water_one_cm":860,"minecraft:time_since_death":24000,"minecraft:total_world_time":24000,"minecraft:fall_one_cm":6094},"minecraft:picked_up":{"minecraft:leather":4,"minecraft:porkchop":4,"minecraft:oak_log":12,"minecraft:dirt":28,"minecraft:raw_copper":26,"minecraft:wheat_seeds":12,"minecraft:beef":9,"minecraft:gray_wool":1,"minecraft:oak_sapling":2,"minecraft:mutton":4,"minecraft:oak_planks":62,"minecraft:white_wool":1,"minecraft:cobblestone":72},"minecraft:crafted":{"minecraft:oak_planks":48,"minecraft:leather_boots":1,"minecraft:crafting_table":1,"minecraft:stick":12,"minecraft:wooden_pickaxe":1,"minecraft:stone_pickaxe":1,"minecraft:wooden_axe":1,"minecraft:cobblestone_wall":12,"minecraft:stone_sword":1,"minecraft:stone_axe":1}},"DataVersion":3465}