{"stats":{"minecraft:dropped":{"minecraft:stone_axe":1,"minecraft:porkchop":1,"minecraft:wheat_seeds":4,"minecraft:mutton":2},"minecraft:mined":{"minecraft:gray_wool":1,"minecraft:cobblestone_wall":1,"minecraft:grass":44,"minecraft:grass_block":16,"minecraft:oak_log":58,"minecraft:dirt":10,"minecraft:copper_ore":13,"minecraft:tall_grass":7,"minecraft:cobblestone":1,"minecraft:stone":120,"minecraft:oak_planks":2,"minecraft:diorite":3,"minecraft:oak_leaves":18},"minecraft:used":{"minecraft:oak_log":1,"minecraft:wooden_axe":28,"minecraft:stone_sword":61,"minecraft:stone_pickaxe":128,"minecraft:oak_planks":94,"minecraft:wooden_pickaxe":12,"minecraft:leather_boots":1,"minecraft:stone_axe":67,"minecraft:white_wool":1,"minecraft:dirt":25,"minecraft:cobblestone":23,"minecraft:mutton":2,"minecraft:crafting_table":1,"minecraft:oak_sapling":5,"minecraft:porkchop":3,"minecraft:cobblestone_wall":81,"minecraft:gray_wool":1},"minecraft:killed":{"minecraft:sheep":3,"minecraft:pig":3,"minecraft:cow":5},"minecraft:custom":{"minecraft:time_since_rest":36000,"minecraft:sprint_one_cm":42201,"minecraft:interact_with_furnace":6,"minecraft:damage_taken":60,"minecraft:walk_one_cm":104440,"minecraft:mob_kills":11,"minecraft:drop":8,"minecraft:damage_dealt":1208,"minecraft:interact_with_crafting_table":11,"minecraft:fly_one_cm":95358,"minecraft:crouch_one_cm":10050,"minecraft:play_time":36000,"minecraft:sneak_time":2704,"minecraft:walk_under_water_one_cm":799,"minecraft:jump":540,"minecraft:walk_on_water_one_cm":860,"minecraft:time_since_death":36000,"minecraft:total_world_time":36000,"minecraft:fall_one_cm":11469},"minecraft:picked_up":{"minecraft:stick":4,"minecraft:leather":4,"minecraft:porkchop":4,"minecraft:oak_log":58,"minecraft:diorite":3,"minecraft:cobblestone_wall":1,"minecraft:dirt":29,"minecraft:raw_copper":44,"minecraft:stone_axe":1,"minecraft:wheat_seeds":12,"minecraft:beef":9,"minecraft:gray_wool":2,"minecraft:light_gray_wool":1,"minecraft:oak_sapling":5,"minecraft:mutton":5,"minecraft:oak_planks":62,"minecraft:white_wool":1,"minecraft:cobblestone":121},"minecraft:crafted":{"minecraft:oak_planks":48,"minecraft:leather_boots":1,"minecraft:crafting_table":1,"minecraft:stick":12,"minecraft:wooden_pickaxe":1,"minecraft:stone_pickaxe":1,"minecraft:wooden_axe":1,"minecraft:cobblestone_wall":84,"minecraft:stone_sword":1,"minecraft:stone_axe":1}},"DataVersion":3465}