{"stats":{"minecraft:dropped":{"minecraft:porkchop":1,"minecraft:wheat_seeds":4,"minecraft:mutton":2},"minecraft:mined":{"minecraft:grass":19,"minecraft:oak_log":12,"minecraft:tall_grass":3,"minecraft:stone":30,"minecraft:oak_leaves":1},"minecraft:used":{"minecraft:wooden_axe":28,"minecraft:stone_pickaxe":19,"minecraft:oak_planks":3,"minecraft:wooden_pickaxe":12,"minecraft:crafting_table":1},"minecraft:killed":{"minecraft:sheep":1,"minecraft:pig":1,"minecraft:cow":2},"minecraft:custom":{"minecraft:time_since_rest":12000,"minecraft:sprint_one_cm":16799,"minecraft:interact_with_furnace":1,"minecraft:damage_taken":20,"minecraft:walk_one_cm":26152,"minecraft:mob_kills":4,"minecraft:drop":7,"minecraft:damage_dealt":380,"minecraft:interact_with_crafting_table":5,"minecraft:fly_one_cm":56065,"minecraft:crouch_one_cm":1437,"minecraft:play_time":12000,"minecraft:sneak_time":468,"minecraft:walk_under_water_one_cm":799,"minecraft:jump":220,"minecraft:walk_on_water_one_cm":860,"minecraft:time_since_death":12000,"minecraft:total_world_time":12000,"minecraft:fall_one_cm":3944},"minecraft:picked_up":{"minecraft:leather":1,"minecraft:porkchop":1,"minecraft:oak_log":12,"minecraft:dirt":3,"minecraft:wheat_seeds":8,"minecraft:beef":4,"minecraft:gray_wool":1,"minecraft:mutton":2,"minecraft:cobblestone":30},"minecraft:crafted":{"minecraft:oak_planks":48,"minecraft:crafting_table":1,"minecraft:stick":12,"minecraft:wooden_pickaxe":1,"minecraft:stone_pickaxe":1,"minecraft:wooden_axe":1,"minecraft:stone_sword":1,"minecraft:stone_axe":1}},"DataVersion":3465}