{"stats":{"minecraft:broken":{"minecraft:stone_axe":1},"minecraft:dropped":{"minecraft:iron_ingot":3,"minecraft:stone_axe":3,"minecraft:wheat_seeds":2,"minecraft:cooked_beef":4,"minecraft:cooked_porkchop":3,"minecraft:oak_fence":1,"minecraft:oak_planks":60,"minecraft:apple":1,"minecraft:dirt":3,"minecraft:wooden_pickaxe":3,"minecraft:stone_pickaxe":2},"minecraft:mined":{"minecraft:oak_sapling":1,"minecraft:white_bed":3,"minecraft:glass_pane":1,"minecraft:mossy_cobblestone":5,"minecraft:oak_fence":1,"minecraft:crafting_table":5,"minecraft:granite":1,"minecraft:grass_block":20,"minecraft:poppy":1,"minecraft:chest":1,"minecraft:cobblestone":28,"minecraft:oak_pressure_plate":2,"minecraft:tall_grass":25,"minecraft:oak_planks":14,"minecraft:seagrass":2,"minecraft:tall_seagrass":1,"minecraft:furnace":3,"minecraft:carrots":1,"minecraft:wheat":2,"minecraft:grass":71,"minecraft:coal_ore":25,"minecraft:potatoes":1,"minecraft:oak_log":41,"minecraft:oak_stairs":1,"minecraft:gravel":2,"minecraft:dirt":10,"minecraft:stone":27,"minecraft:white_wool":1,"minecraft:oak_leaves":7},"minecraft:used":{"minecraft:wheat_seeds":3,"minecraft:stone_pickaxe":7,"minecraft:poppy":8,"minecraft:oak_planks":20,"minecraft:chest":3,"minecraft:wooden_pickaxe":17,"minecraft:dirt":22,"minecraft:crafting_table":5,"minecraft:yellow_carpet":1,"minecraft:white_bed":5,"minecraft:smoker":1,"minecraft:oak_log":6,"minecraft:iron_pickaxe":71,"minecraft:iron_helmet":1,"minecraft:iron_boots":1,"minecraft:oak_pressure_plate":2,"minecraft:gravel":2,"minecraft:stone_bricks":10,"minecraft:stone_axe":167,"minecraft:cobblestone":2,"minecraft:golden_carrot":1,"minecraft:furnace":4,"minecraft:oak_sapling":11,"minecraft:cooked_porkchop":11,"minecraft:egg":1},"minecraft:killed":{"minecraft:pig":9,"minecraft:zombie_villager":1,"minecraft:salmon":5,"minecraft:spider":1,"minecraft:iron_golem":5,"minecraft:sheep":8,"minecraft:zombie":5,"minecraft:chicken":1,"minecraft:cow":5},"minecraft:custom":{"minecraft:interact_with_furnace":40,"minecraft:mob_kills":40,"minecraft:interact_with_crafting_table":48,"minecraft:bell_ring":284,"minecraft:leave_game":6,"minecraft:time_since_death":115098,"minecraft:sleep_in_bed":5,"minecraft:time_since_rest":1609,"minecraft:sprint_one_cm":193582,"minecraft:damage_taken":483,"minecraft:walk_one_cm":274759,"minecraft:drop":24,"minecraft:damage_dealt":8517,"minecraft:swim_one_cm":12630,"minecraft:fly_one_cm":405356,"minecraft:open_chest":41,"minecraft:crouch_one_cm":11686,"minecraft:play_time":115098,"minecraft:sneak_time":6205,"minecraft:walk_under_water_one_cm":11315,"minecraft:jump":1669,"minecraft:walk_on_water_one_cm":10938,"minecraft:interact_with_smoker":21,"minecraft:total_world_time":115098,"minecraft:fall_one_cm":38589},"minecraft:picked_up":{"minecraft:crafting_table":5,"minecraft:wheat":2,"minecraft:cooked_beef":6,"minecraft:chicken":1,"minecraft:golden_carrot":1,"minecraft:salmon":13,"minecraft:leather":4,"minecraft:wooden_pickaxe":2,"minecraft:oak_stairs":1,"minecraft:potato":4,"minecraft:oak_log":41,"minecraft:string":2,"minecraft:dirt":31,"minecraft:apple":1,"minecraft:wheat_seeds":15,"minecraft:iron_ingot":18,"minecraft:beef":11,"minecraft:stone_pickaxe":1,"minecraft:poppy":8,"minecraft:chest":1,"minecraft:oak_planks":44,"minecraft:furnace":3,"minecraft:egg":1,"minecraft:stick":6,"minecraft:oak_fence":1,"minecraft:oak_pressure_plate":2,"minecraft:gravel":8,"minecraft:porkchop":20,"minecraft:white_bed":3,"minecraft:carrot":5,"minecraft:mossy_cobblestone":4,"minecraft:yellow_carpet":1,"minecraft:rotten_flesh":1,"minecraft:stone_axe":2,"minecraft:granite":1,"minecraft:bone_meal":1,"minecraft:oak_sapling":10,"minecraft:mutton":14,"minecraft:coal":24,"minecraft:cobblestone":54,"minecraft:white_wool":9},"minecraft:crafted":{"minecraft:cooked_beef":18,"minecraft:smooth_stone":3,"minecraft:oak_planks":128,"minecraft:cooked_porkchop":15,"minecraft:iron_helmet":1,"minecraft:wooden_pickaxe":1,"minecraft:furnace":3,"minecraft:stone":22,"minecraft:stone_axe":3,"minecraft:air":0,"minecraft:iron_boots":1,"minecraft:charcoal":3,"minecraft:shield":1,"minecraft:stick":8,"minecraft:iron_ingot":6,"minecraft:iron_pickaxe":1,"minecraft:stone_pickaxe":1,"minecraft:chest":2,"minecraft:white_bed":2,"minecraft:stone_bricks":16,"minecraft:smoker":1}},"DataVersion":3465}