{"stats":{"minecraft:broken":{"minecraft:stone_axe":1},"minecraft:dropped":{"minecraft:stone_axe":3,"minecraft:wheat_seeds":2,"minecraft:cooked_porkchop":3,"minecraft:oak_fence":1,"minecraft:oak_planks":60,"minecraft:apple":1,"minecraft:dirt":3,"minecraft:wooden_pickaxe":3,"minecraft:stone_pickaxe":2},"minecraft:mined":{"minecraft:oak_sapling":1,"minecraft:white_bed":3,"minecraft:oak_fence":1,"minecraft:crafting_table":5,"minecraft:grass_block":14,"minecraft:poppy":1,"minecraft:chest":1,"minecraft:cobblestone":14,"minecraft:oak_pressure_plate":2,"minecraft:tall_grass":25,"minecraft:oak_planks":12,"minecraft:seagrass":2,"minecraft:tall_seagrass":1,"minecraft:furnace":3,"minecraft:carrots":1,"minecraft:wheat":2,"minecraft:grass":64,"minecraft:potatoes":1,"minecraft:oak_log":41,"minecraft:oak_stairs":1,"minecraft:gravel":2,"minecraft:dirt":6,"minecraft:stone":17,"minecraft:white_wool":1,"minecraft:oak_leaves":7},"minecraft:used":{"minecraft:wheat_seeds":3,"minecraft:stone_pickaxe":7,"minecraft:poppy":4,"minecraft:oak_planks":19,"minecraft:chest":3,"minecraft:wooden_pickaxe":17,"minecraft:dirt":11,"minecraft:crafting_table":5,"minecraft:white_bed":4,"minecraft:smoker":1,"minecraft:oak_log":6,"minecraft:iron_pickaxe":16,"minecraft:iron_helmet":1,"minecraft:oak_pressure_plate":2,"minecraft:gravel":2,"minecraft:stone_axe":143,"minecraft:cobblestone":2,"minecraft:golden_carrot":1,"minecraft:furnace":4,"minecraft:oak_sapling":11,"minecraft:cooked_porkchop":9,"minecraft:egg":1},"minecraft:killed":{"minecraft:pig":9,"minecraft:zombie_villager":1,"minecraft:salmon":5,"minecraft:spider":1,"minecraft:iron_golem":3,"minecraft:sheep":8,"minecraft:zombie":5,"minecraft:chicken":1,"minecraft:cow":5},"minecraft:custom":{"minecraft:interact_with_furnace":19,"minecraft:mob_kills":38,"minecraft:interact_with_crafting_table":34,"minecraft:bell_ring":284,"minecraft:leave_game":6,"minecraft:time_since_death":91098,"minecraft:sleep_in_bed":3,"minecraft:time_since_rest":14013,"minecraft:sprint_one_cm":160763,"minecraft:damage_taken":473,"minecraft:walk_one_cm":213108,"minecraft:drop":19,"minecraft:damage_dealt":6571,"minecraft:swim_one_cm":12630,"minecraft:fly_one_cm":338972,"minecraft:open_chest":24,"minecraft:crouch_one_cm":8607,"minecraft:play_time":91098,"minecraft:sneak_time":4446,"minecraft:walk_under_water_one_cm":11315,"minecraft:jump":1372,"minecraft:walk_on_water_one_cm":10938,"minecraft:interact_with_smoker":6,"minecraft:total_world_time":91098,"minecraft:fall_one_cm":31065},"minecraft:picked_up":{"minecraft:crafting_table":5,"minecraft:wheat":2,"minecraft:cooked_beef":6,"minecraft:chicken":1,"minecraft:golden_carrot":1,"minecraft:salmon":5,"minecraft:leather":4,"minecraft:wooden_pickaxe":2,"minecraft:oak_stairs":1,"minecraft:potato":4,"minecraft:oak_log":41,"minecraft:string":2,"minecraft:dirt":19,"minecraft:apple":1,"minecraft:wheat_seeds":15,"minecraft:iron_ingot":10,"minecraft:beef":11,"minecraft:stone_pickaxe":1,"minecraft:poppy":4,"minecraft:chest":1,"minecraft:oak_planks":42,"minecraft:furnace":3,"minecraft:egg":1,"minecraft:stick":6,"minecraft:oak_fence":1,"minecraft:oak_pressure_plate":2,"minecraft:gravel":8,"minecraft:porkchop":20,"minecraft:white_bed":3,"minecraft:carrot":5,"minecraft:rotten_flesh":1,"minecraft:stone_axe":2,"minecraft:bone_meal":1,"minecraft:oak_sapling":9,"minecraft:mutton":14,"minecraft:cobblestone":31,"minecraft:white_wool":9},"minecraft:crafted":{"minecraft:cooked_beef":14,"minecraft:oak_planks":124,"minecraft:cooked_porkchop":15,"minecraft:iron_helmet":1,"minecraft:wooden_pickaxe":1,"minecraft:furnace":2,"minecraft:stone_axe":3,"minecraft:air":0,"minecraft:shield":1,"minecraft:stick":8,"minecraft:iron_pickaxe":1,"minecraft:stone_pickaxe":1,"minecraft:chest":2,"minecraft:white_bed":1,"minecraft:smoker":1}},"DataVersion":3465}