{"stats":{"minecraft:dropped":{"minecraft:dirt":3,"minecraft:wheat_seeds":2,"minecraft:oak_planks":60,"minecraft:wooden_pickaxe":2},"minecraft:used":{"minecraft:stone_pickaxe":2,"minecraft:wooden_pickaxe":17,"minecraft:stone_axe":24,"minecraft:cobblestone":2,"minecraft:dirt":7,"minecraft:golden_carrot":1,"minecraft:crafting_table":1,"minecraft:furnace":1,"minecraft:oak_sapling":7,"minecraft:cooked_porkchop":1},"minecraft:mined":{"minecraft:oak_sapling":1,"minecraft:crafting_table":1,"minecraft:grass":18,"minecraft:grass_block":10,"minecraft:oak_log":20,"minecraft:dirt":2,"minecraft:tall_grass":1,"minecraft:cobblestone":2,"minecraft:stone":17,"minecraft:oak_planks":3,"minecraft:white_wool":1,"minecraft:oak_leaves":7},"minecraft:killed":{"minecraft:pig":6,"minecraft:spider":1,"minecraft:cow":4},"minecraft:custom":{"minecraft:time_since_rest":33562,"minecraft:interact_with_furnace":7,"minecraft:sprint_one_cm":44242,"minecraft:walk_one_cm":47429,"minecraft:mob_kills":11,"minecraft:drop":8,"minecraft:damage_dealt":994,"minecraft:interact_with_crafting_table":8,"minecraft:fly_one_cm":105632,"minecraft:crouch_one_cm":411,"minecraft:play_time":33562,"minecraft:sneak_time":272,"minecraft:jump":423,"minecraft:leave_game":3,"minecraft:walk_on_water_one_cm":1301,"minecraft:time_since_death":33562,"minecraft:total_world_time":33562,"minecraft:fall_one_cm":11729},"minecraft:picked_up":{"minecraft:stick":4,"minecraft:crafting_table":1,"minecraft:golden_carrot":1,"minecraft:leather":3,"minecraft:wooden_pickaxe":1,"minecraft:porkchop":15,"minecraft:oak_log":20,"minecraft:dirt":11,"minecraft:apple":1,"minecraft:wheat_seeds":2,"minecraft:beef":8,"minecraft:oak_sapling":7,"minecraft:oak_planks":2,"minecraft:white_wool":1,"minecraft:cobblestone":19},"minecraft:crafted":{"minecraft:oak_planks":80,"minecraft:cooked_porkchop":15,"minecraft:stick":4,"minecraft:wooden_pickaxe":1,"minecraft:stone_pickaxe":1,"minecraft:furnace":1,"minecraft:stone_axe":1,"minecraft:air":0}},"DataVersion":3465}