{"stats":{"minecraft:mined":{"minecraft:white_bed":3,"minecraft:oak_sapling":1,"minecraft:mossy_cobblestone":7,"minecraft:granite":1,"minecraft:grass_block":25,"minecraft:yellow_carpet":1,"minecraft:oak_pressure_plate":2,"minecraft:tall_seagrass":1,"minecraft:carrots":1,"minecraft:furnace":3,"minecraft:potatoes":1,"minecraft:oak_stairs":1,"minecraft:stone":27,"minecraft:white_wool":1,"minecraft:glass_pane":1,"minecraft:oak_fence":1,"minecraft:crafting_table":5,"minecraft:poppy":1,"minecraft:chest":1,"minecraft:cobblestone":30,"minecraft:tall_grass":25,"minecraft:oak_planks":20,"minecraft:wall_torch":1,"minecraft:seagrass":2,"minecraft:wheat":2,"minecraft:grass":78,"minecraft:oak_log":59,"minecraft:coal_ore":25,"minecraft:dirt":14,"minecraft:gravel":2,"minecraft:stone_bricks":1,"minecraft:oak_leaves":18},"minecraft:custom":{"minecraft:mob_kills":44,"minecraft:interact_with_crafting_table":62,"minecraft:bell_ring":284,"minecraft:leave_game":8,"minecraft:time_since_death":136962,"minecraft:sprint_one_cm":221107,"minecraft:walk_one_cm":329852,"minecraft:damage_blocked_by_shield":765,"minecraft:drop":52,"minecraft:play_time":136962,"minecraft:sneak_time":6730,"minecraft:walk_under_water_one_cm":13485,"minecraft:jump":1923,"minecraft:interact_with_blast_furnace":2,"minecraft:walk_on_water_one_cm":14477,"minecraft:total_world_time":136962,"minecraft:interact_with_furnace":43,"minecraft:sleep_in_bed":5,"minecraft:time_since_rest":23473,"minecraft:damage_taken":825,"minecraft:damage_dealt":10096,"minecraft:swim_one_cm":12630,"minecraft:fly_one_cm":465220,"minecraft:open_chest":62,"minecraft:crouch_one_cm":11984,"minecraft:interact_with_smoker":29,"minecraft:fall_one_cm":42953},"minecraft:dropped":{"minecraft:water_bucket":1,"minecraft:iron_ingot":3,"minecraft:wheat_seeds":4,"minecraft:cooked_beef":4,"minecraft:oak_log":12,"minecraft:cooked_porkchop":3,"minecraft:oak_fence":3,"minecraft:leather":2,"minecraft:apple":1,"minecraft:dirt":81,"minecraft:iron_axe":1,"minecraft:sand":2,"minecraft:iron_shovel":1,"minecraft:string":14,"minecraft:dandelion":1,"minecraft:stone_axe":3,"minecraft:sugar_cane":3,"minecraft:stone_sword":1,"minecraft:raw_copper":88,"minecraft:chicken":1,"minecraft:rotten_flesh":2,"minecraft:oak_planks":104,"minecraft:filled_map":1,"minecraft:shield":1,"minecraft:leather_boots":1,"minecraft:arrow":2,"minecraft:stone_pickaxe":2,"minecraft:wooden_pickaxe":5},"minecraft:killed":{"minecraft:spider":1,"minecraft:chicken":1,"minecraft:pig":9,"minecraft:zombie_villager":1,"minecraft:salmon":5,"minecraft:iron_golem":6,"minecraft:sheep":8,"minecraft:zombie":8,"minecraft:cow":5},"minecraft:crafted":{"minecraft:smooth_stone":3,"minecraft:oak_planks":152,"minecraft:furnace":3,"minecraft:blast_furnace":1,"minecraft:stone":22,"minecraft:bow":1,"minecraft:iron_boots":1,"minecraft:stone_pickaxe":1,"minecraft:chest":2,"minecraft:stone_bricks":16,"minecraft:smoker":1,"minecraft:cooked_beef":18,"minecraft:red_dye":1,"minecraft:cooked_porkchop":15,"minecraft:wooden_pickaxe":1,"minecraft:iron_helmet":1,"minecraft:iron_sword":1,"minecraft:red_bed":1,"minecraft:stone_axe":4,"minecraft:air":0,"minecraft:charcoal":3,"minecraft:shield":1,"minecraft:stick":16,"minecraft:iron_ingot":6,"minecraft:iron_pickaxe":1,"minecraft:iron_shovel":1,"minecraft:white_bed":3},"minecraft:picked_up":{"minecraft:crafting_table":5,"minecraft:wheat":2,"minecraft:chicken":1,"minecraft:wooden_pickaxe":4,"minecraft:oak_stairs":1,"minecraft:shield":1,"minecraft:string":16,"minecraft:raw_copper":88,"minecraft:iron_axe":1,"minecraft:beef":11,"minecraft:oak_boat":1,"minecraft:poppy":12,"minecraft:sugar_cane":3,"minecraft:chest":1,"minecraft:furnace":3,"minecraft:egg":1,"minecraft:stick":13,"minecraft:oak_fence":3,"minecraft:torch":1,"minecraft:porkchop":20,"minecraft:carrot":5,"minecraft:stone_sword":1,"minecraft:arrow":4,"minecraft:rotten_flesh":9,"minecraft:mutton":14,"minecraft:cobblestone":56,"minecraft:white_wool":9,"minecraft:leather_chestplate":1,"minecraft:cooked_beef":6,"minecraft:golden_carrot":1,"minecraft:water_bucket":1,"minecraft:salmon":13,"minecraft:leather":6,"minecraft:potato":4,"minecraft:filled_map":1,"minecraft:oak_log":59,"minecraft:dirt":116,"minecraft:leather_boots":1,"minecraft:apple":1,"minecraft:stone_bricks":1,"minecraft:wheat_seeds":22,"minecraft:iron_ingot":27,"minecraft:stone_pickaxe":1,"minecraft:iron_sword":1,"minecraft:oak_planks":81,"minecraft:oak_slab":1,"minecraft:dandelion":1,"minecraft:oak_pressure_plate":2,"minecraft:gravel":8,"minecraft:sand":2,"minecraft:white_bed":3,"minecraft:mossy_cobblestone":5,"minecraft:yellow_carpet":2,"minecraft:stone_axe":2,"minecraft:granite":1,"minecraft:bone_meal":2,"minecraft:emerald":1,"minecraft:bread":36,"minecraft:oak_sapling":11,"minecraft:coal":24},"minecraft:broken":{"minecraft:stone_axe":1},"minecraft:used":{"minecraft:poppy":9,"minecraft:chest":3,"minecraft:shield":13,"minecraft:iron_sword":8,"minecraft:torch":1,"minecraft:dirt":26,"minecraft:white_carpet":3,"minecraft:yellow_carpet":1,"minecraft:iron_helmet":1,"minecraft:iron_boots":1,"minecraft:stone_bricks":14,"minecraft:bow":2,"minecraft:golden_carrot":1,"minecraft:oak_sapling":12,"minecraft:furnace":4,"minecraft:egg":1,"minecraft:cooked_beef":3,"minecraft:wheat_seeds":3,"minecraft:stone_pickaxe":7,"minecraft:oak_planks":20,"minecraft:wooden_pickaxe":17,"minecraft:crafting_table":5,"minecraft:red_bed":1,"minecraft:blast_furnace":1,"minecraft:white_bed":5,"minecraft:smoker":1,"minecraft:oak_log":6,"minecraft:iron_pickaxe":77,"minecraft:oak_pressure_plate":2,"minecraft:gravel":2,"minecraft:stone_axe":209,"minecraft:cobblestone":2,"minecraft:cooked_porkchop":12}},"DataVersion":3465}