{"stats":{"minecraft:dropped":{"minecraft:dirt":3,"minecraft:wheat_seeds":2,"minecraft:wooden_pickaxe":1},"minecraft:used":{"minecraft:dirt":6,"minecraft:golden_carrot":1,"minecraft:oak_sapling":4,"minecraft:wooden_pickaxe":17},"minecraft:mined":{"minecraft:grass":10,"minecraft:grass_block":10,"minecraft:oak_log":16,"minecraft:oak_sapling":1,"minecraft:stone":17,"minecraft:oak_planks":2,"minecraft:oak_leaves":4},"minecraft:custom":{"minecraft:time_since_rest":20106,"minecraft:sprint_one_cm":25240,"minecraft:crouch_one_cm":160,"minecraft:play_time":20106,"minecraft:walk_one_cm":24659,"minecraft:sneak_time":121,"minecraft:drop":6,"minecraft:jump":266,"minecraft:leave_game":1,"minecraft:time_since_death":20106,"minecraft:walk_on_water_one_cm":1301,"minecraft:total_world_time":20106,"minecraft:interact_with_crafting_table":5,"minecraft:fall_one_cm":6177,"minecraft:fly_one_cm":72971},"minecraft:picked_up":{"minecraft:stick":2,"minecraft:golden_carrot":1,"minecraft:apple":1,"minecraft:wheat_seeds":2,"minecraft:oak_log":16,"minecraft:oak_sapling":4,"minecraft:oak_planks":1,"minecraft:dirt":9,"minecraft:cobblestone":17},"minecraft:crafted":{"minecraft:oak_planks":64,"minecraft:stone_axe":1,"minecraft:stick":4,"minecraft:stone_pickaxe":1,"minecraft:wooden_pickaxe":1}},"DataVersion":3465}