{"stats":{"minecraft:dropped":{"minecraft:stone_axe":3,"minecraft:wheat_seeds":2,"minecraft:cooked_porkchop":3,"minecraft:oak_planks":60,"minecraft:apple":1,"minecraft:dirt":3,"minecraft:wooden_pickaxe":3,"minecraft:stone_pickaxe":1},"minecraft:mined":{"minecraft:oak_sapling":1,"minecraft:white_bed":3,"minecraft:crafting_table":4,"minecraft:poppy":1,"minecraft:grass_block":14,"minecraft:oak_pressure_plate":1,"minecraft:cobblestone":2,"minecraft:tall_grass":19,"minecraft:oak_planks":5,"minecraft:seagrass":2,"minecraft:tall_seagrass":1,"minecraft:furnace":3,"minecraft:carrots":1,"minecraft:wheat":2,"minecraft:grass":55,"minecraft:potatoes":1,"minecraft:oak_log":41,"minecraft:oak_stairs":1,"minecraft:gravel":2,"minecraft:dirt":2,"minecraft:stone":17,"minecraft:white_wool":1,"minecraft:oak_leaves":7},"minecraft:used":{"minecraft:wheat_seeds":3,"minecraft:stone_pickaxe":5,"minecraft:poppy":4,"minecraft:oak_planks":11,"minecraft:wooden_pickaxe":17,"minecraft:dirt":7,"minecraft:crafting_table":2,"minecraft:white_bed":4,"minecraft:smoker":1,"minecraft:oak_log":6,"minecraft:oak_pressure_plate":1,"minecraft:gravel":2,"minecraft:stone_axe":111,"minecraft:golden_carrot":1,"minecraft:cobblestone":2,"minecraft:furnace":3,"minecraft:oak_sapling":11,"minecraft:cooked_porkchop":9,"minecraft:egg":1},"minecraft:killed":{"minecraft:pig":9,"minecraft:zombie_villager":1,"minecraft:salmon":5,"minecraft:spider":1,"minecraft:iron_golem":1,"minecraft:sheep":8,"minecraft:zombie":5,"minecraft:chicken":1,"minecraft:cow":5},"minecraft:custom":{"minecraft:interact_with_furnace":17,"minecraft:mob_kills":36,"minecraft:interact_with_crafting_table":24,"minecraft:bell_ring":284,"minecraft:leave_game":6,"minecraft:time_since_death":79098,"minecraft:sleep_in_bed":3,"minecraft:time_since_rest":2013,"minecraft:sprint_one_cm":142829,"minecraft:damage_taken":473,"minecraft:walk_one_cm":179205,"minecraft:drop":17,"minecraft:damage_dealt":4626,"minecraft:swim_one_cm":12630,"minecraft:fly_one_cm":299912,"minecraft:open_chest":13,"minecraft:crouch_one_cm":7776,"minecraft:play_time":79098,"minecraft:sneak_time":2923,"minecraft:walk_under_water_one_cm":11315,"minecraft:jump":1182,"minecraft:walk_on_water_one_cm":10938,"minecraft:total_world_time":79098,"minecraft:fall_one_cm":27624},"minecraft:picked_up":{"minecraft:crafting_table":4,"minecraft:wheat":2,"minecraft:cooked_beef":6,"minecraft:chicken":1,"minecraft:golden_carrot":1,"minecraft:salmon":5,"minecraft:leather":4,"minecraft:wooden_pickaxe":2,"minecraft:oak_stairs":1,"minecraft:potato":4,"minecraft:oak_log":41,"minecraft:dirt":15,"minecraft:string":2,"minecraft:apple":1,"minecraft:wheat_seeds":15,"minecraft:iron_ingot":2,"minecraft:beef":11,"minecraft:stone_pickaxe":1,"minecraft:poppy":4,"minecraft:oak_planks":35,"minecraft:egg":1,"minecraft:furnace":3,"minecraft:stick":6,"minecraft:oak_pressure_plate":1,"minecraft:gravel":8,"minecraft:porkchop":20,"minecraft:white_bed":3,"minecraft:carrot":5,"minecraft:rotten_flesh":1,"minecraft:stone_axe":2,"minecraft:bone_meal":1,"minecraft:oak_sapling":9,"minecraft:mutton":14,"minecraft:white_wool":9,"minecraft:cobblestone":19},"minecraft:crafted":{"minecraft:cooked_beef":5,"minecraft:oak_planks":124,"minecraft:cooked_porkchop":15,"minecraft:wooden_pickaxe":1,"minecraft:furnace":1,"minecraft:stone_axe":2,"minecraft:air":0,"minecraft:shield":1,"minecraft:stick":4,"minecraft:stone_pickaxe":1,"minecraft:white_bed":1,"minecraft:smoker":1}},"DataVersion":3465}