{"stats":{"minecraft:dropped":{"minecraft:dirt":3,"minecraft:stone_axe":1,"minecraft:wheat_seeds":2,"minecraft:cooked_porkchop":3,"minecraft:oak_planks":60,"minecraft:apple":1,"minecraft:wooden_pickaxe":2},"minecraft:used":{"minecraft:stone_pickaxe":4,"minecraft:wooden_pickaxe":17,"minecraft:stone_axe":46,"minecraft:cobblestone":2,"minecraft:dirt":7,"minecraft:golden_carrot":1,"minecraft:crafting_table":2,"minecraft:furnace":2,"minecraft:oak_sapling":7,"minecraft:cooked_porkchop":3},"minecraft:mined":{"minecraft:seagrass":2,"minecraft:oak_sapling":1,"minecraft:furnace":2,"minecraft:crafting_table":3,"minecraft:grass":20,"minecraft:grass_block":10,"minecraft:oak_log":26,"minecraft:dirt":2,"minecraft:tall_grass":9,"minecraft:cobblestone":2,"minecraft:stone":17,"minecraft:oak_planks":3,"minecraft:white_wool":1,"minecraft:oak_leaves":7},"minecraft:killed":{"minecraft:sheep":2,"minecraft:zombie":2,"minecraft:pig":8,"minecraft:zombie_villager":1,"minecraft:spider":1,"minecraft:cow":4},"minecraft:custom":{"minecraft:time_since_rest":46724,"minecraft:interact_with_furnace":12,"minecraft:sprint_one_cm":63051,"minecraft:damage_taken":175,"minecraft:walk_one_cm":79914,"minecraft:mob_kills":18,"minecraft:drop":13,"minecraft:damage_dealt":2214,"minecraft:swim_one_cm":6662,"minecraft:interact_with_crafting_table":11,"minecraft:fly_one_cm":142907,"minecraft:open_chest":4,"minecraft:crouch_one_cm":436,"minecraft:play_time":46724,"minecraft:bell_ring":258,"minecraft:sneak_time":335,"minecraft:walk_under_water_one_cm":706,"minecraft:jump":591,"minecraft:leave_game":4,"minecraft:walk_on_water_one_cm":5976,"minecraft:time_since_death":46724,"minecraft:total_world_time":46724,"minecraft:fall_one_cm":14864},"minecraft:picked_up":{"minecraft:stick":4,"minecraft:crafting_table":3,"minecraft:golden_carrot":1,"minecraft:leather":3,"minecraft:wooden_pickaxe":1,"minecraft:porkchop":19,"minecraft:oak_log":26,"minecraft:dirt":11,"minecraft:apple":1,"minecraft:wheat_seeds":2,"minecraft:beef":8,"minecraft:oak_sapling":7,"minecraft:mutton":3,"minecraft:oak_planks":8,"minecraft:white_wool":3,"minecraft:cobblestone":19,"minecraft:furnace":2},"minecraft:crafted":{"minecraft:oak_planks":80,"minecraft:cooked_porkchop":15,"minecraft:stick":4,"minecraft:wooden_pickaxe":1,"minecraft:stone_pickaxe":1,"minecraft:white_bed":1,"minecraft:furnace":1,"minecraft:stone_axe":2,"minecraft:air":0}},"DataVersion":3465}