{"stats":{"minecraft:dropped":{"minecraft:stone_axe":3,"minecraft:wheat_seeds":2,"minecraft:cooked_porkchop":3,"minecraft:oak_planks":60,"minecraft:apple":1,"minecraft:dirt":3,"minecraft:stone_pickaxe":1,"minecraft:wooden_pickaxe":3},"minecraft:mined":{"minecraft:white_bed":1,"minecraft:oak_sapling":1,"minecraft:crafting_table":3,"minecraft:grass_block":10,"minecraft:tall_grass":12,"minecraft:cobblestone":2,"minecraft:oak_planks":3,"minecraft:seagrass":2,"minecraft:tall_seagrass":1,"minecraft:furnace":2,"minecraft:carrots":1,"minecraft:wheat":2,"minecraft:grass":22,"minecraft:potatoes":1,"minecraft:oak_log":26,"minecraft:gravel":2,"minecraft:dirt":2,"minecraft:stone":17,"minecraft:white_wool":1,"minecraft:oak_leaves":7},"minecraft:used":{"minecraft:wheat_seeds":3,"minecraft:stone_pickaxe":4,"minecraft:wooden_pickaxe":17,"minecraft:dirt":7,"minecraft:crafting_table":2,"minecraft:white_bed":1,"minecraft:gravel":2,"minecraft:stone_axe":66,"minecraft:golden_carrot":1,"minecraft:cobblestone":2,"minecraft:oak_sapling":7,"minecraft:furnace":2,"minecraft:cooked_porkchop":7},"minecraft:killed":{"minecraft:pig":9,"minecraft:zombie_villager":1,"minecraft:salmon":5,"minecraft:spider":1,"minecraft:sheep":8,"minecraft:zombie":4,"minecraft:cow":4},"minecraft:custom":{"minecraft:interact_with_furnace":12,"minecraft:mob_kills":32,"minecraft:interact_with_crafting_table":11,"minecraft:bell_ring":258,"minecraft:leave_game":4,"minecraft:time_since_death":58724,"minecraft:sleep_in_bed":1,"minecraft:time_since_rest":11082,"minecraft:sprint_one_cm":99485,"minecraft:damage_taken":473,"minecraft:walk_one_cm":106037,"minecraft:drop":17,"minecraft:damage_dealt":3346,"minecraft:swim_one_cm":12630,"minecraft:fly_one_cm":207466,"minecraft:open_chest":4,"minecraft:crouch_one_cm":6427,"minecraft:play_time":58724,"minecraft:sneak_time":2426,"minecraft:walk_under_water_one_cm":11315,"minecraft:jump":855,"minecraft:walk_on_water_one_cm":10836,"minecraft:total_world_time":58724,"minecraft:fall_one_cm":20191},"minecraft:picked_up":{"minecraft:crafting_table":3,"minecraft:wheat":2,"minecraft:golden_carrot":1,"minecraft:salmon":5,"minecraft:leather":3,"minecraft:wooden_pickaxe":2,"minecraft:potato":4,"minecraft:oak_log":26,"minecraft:string":2,"minecraft:dirt":11,"minecraft:apple":1,"minecraft:wheat_seeds":10,"minecraft:stone_pickaxe":1,"minecraft:beef":8,"minecraft:poppy":2,"minecraft:oak_planks":8,"minecraft:furnace":2,"minecraft:stick":4,"minecraft:gravel":8,"minecraft:porkchop":20,"minecraft:white_bed":1,"minecraft:carrot":5,"minecraft:rotten_flesh":1,"minecraft:stone_axe":2,"minecraft:bone_meal":1,"minecraft:oak_sapling":9,"minecraft:mutton":14,"minecraft:white_wool":9,"minecraft:cobblestone":19},"minecraft:crafted":{"minecraft:oak_planks":80,"minecraft:cooked_porkchop":15,"minecraft:wooden_pickaxe":1,"minecraft:furnace":1,"minecraft:stone_axe":2,"minecraft:air":0,"minecraft:stick":4,"minecraft:stone_pickaxe":1,"minecraft:white_bed":1}},"DataVersion":3465}